model,layer,seed,sweeps,dimension,share_q05,share_q25,share_q50,share_q75,share_q95,fraction_share_gt_0_50,fraction_share_gt_0_75,fraction_share_gt_0_90,fraction_language_heavy_by,gini_ss_language,top5_ss_language_fraction,raw_global_lfs,ss_language_relative_error,ss_concept_relative_error
SmolLM2-1.7B,0,1729,0,2048,0.8984789630927273,0.9437677350214932,0.9626910914920469,0.9756906640917955,0.98693021869737,1.0,0.9990234375,0.9482421875,1.0,0.42646801157056635,0.2531965681466388,0.9692507392610611,0.0,1.5686910336701746e-16
SmolLM2-1.7B,0,1729,1,2048,0.8929348442278386,0.9443559270522324,0.963796836121636,0.9758017020886465,0.9869158027880466,1.0,0.9990234375,0.93994140625,1.0,0.4152756900698136,0.2363461268266424,0.9692507392610611,0.0,0.0
SmolLM2-1.7B,0,1729,4,2048,0.9013885909446221,0.9465742704201106,0.9650794264796864,0.976120239994301,0.9866347526997685,1.0,0.9990234375,0.95068359375,1.0,0.3830748617788493,0.19823803073223584,0.9692507392610611,0.0,0.0
SmolLM2-1.7B,0,1729,16,2048,0.909067188807044,0.9500337201527915,0.965988112050826,0.977107469126321,0.9855674710652654,1.0,0.99951171875,0.962890625,1.0,0.3235621960542432,0.13950680200353918,0.9692507392610611,0.0,1.5686910336701746e-16
SmolLM2-1.7B,0,2718,0,2048,0.8984789630927273,0.9437677350214932,0.9626910914920469,0.9756906640917955,0.98693021869737,1.0,0.9990234375,0.9482421875,1.0,0.42646801157056635,0.2531965681466388,0.9692507392610611,0.0,1.5686910336701746e-16
SmolLM2-1.7B,0,2718,1,2048,0.8990508310491033,0.9446732374451589,0.9639163100378902,0.9761739787793565,0.9865818997772574,1.0,0.99853515625,0.9453125,1.0,0.4078487582752117,0.23173070363496023,0.9692507392610611,0.0,0.0
SmolLM2-1.7B,0,2718,4,2048,0.8976038926169164,0.9453626867754854,0.965742505531499,0.9764487214065771,0.9858895005190552,1.0,0.9990234375,0.9453125,1.0,0.3798597207063861,0.19524656700631352,0.9692507392610611,0.0,0.0
SmolLM2-1.7B,0,2718,16,2048,0.9112483503175592,0.9491012491086395,0.9667341142579102,0.9767868079902511,0.9858616059833641,1.0,1.0,0.9658203125,1.0,0.32393474395729216,0.1439874482904046,0.9692507392610611,0.0,1.5686910336701746e-16
SmolLM2-1.7B,0,3141,0,2048,0.8984789630927273,0.9437677350214932,0.9626910914920469,0.9756906640917955,0.98693021869737,1.0,0.9990234375,0.9482421875,1.0,0.42646801157056635,0.2531965681466388,0.9692507392610611,0.0,1.5686910336701746e-16
SmolLM2-1.7B,0,3141,1,2048,0.90013226759972,0.9445673688090839,0.9636017409505366,0.9758530498606782,0.9865638719966654,1.0,1.0,0.94970703125,1.0,0.4117897870455207,0.23705967545137854,0.9692507392610611,0.0,0.0
SmolLM2-1.7B,0,3141,4,2048,0.9018819632698245,0.9465435094134591,0.9643700448473131,0.9767406976495941,0.9861847255469554,1.0,1.0,0.951171875,1.0,0.3805179480984766,0.1975103426452728,0.9692507392610611,0.0,0.0
SmolLM2-1.7B,0,3141,16,2048,0.9073205821977017,0.9494893820544781,0.9661235491520879,0.9766119423032229,0.9858717951995829,1.0,0.9990234375,0.9619140625,1.0,0.32884096365761106,0.14781997824688078,0.9692507392610611,0.0,1.5686910336701746e-16
SmolLM2-1.7B,0,5772,0,2048,0.8984789630927273,0.9437677350214932,0.9626910914920469,0.9756906640917955,0.98693021869737,1.0,0.9990234375,0.9482421875,1.0,0.42646801157056635,0.2531965681466388,0.9692507392610611,0.0,1.5686910336701746e-16
SmolLM2-1.7B,0,5772,1,2048,0.8992175612829757,0.9461200089275964,0.9638391304729899,0.9760169957907918,0.9867935313598906,1.0,0.99853515625,0.94921875,1.0,0.4083414838955106,0.23613973183653597,0.9692507392610611,0.0,0.0
SmolLM2-1.7B,0,5772,4,2048,0.9014343049029583,0.9467612118759562,0.9657298519477762,0.9767957065037293,0.9861504814546542,1.0,0.99853515625,0.95068359375,1.0,0.3767221347833114,0.20042615699791994,0.9692507392610611,0.0,0.0
SmolLM2-1.7B,0,5772,16,2048,0.905249993753695,0.9479737561466581,0.9658917749733784,0.9772490880962547,0.9861505349216045,1.0,0.99853515625,0.95947265625,1.0,0.3323421599892995,0.1469861867876866,0.9692507392610611,0.0,1.5686910336701746e-16
SmolLM2-1.7B,0,8111,0,2048,0.8984789630927273,0.9437677350214932,0.9626910914920469,0.9756906640917955,0.98693021869737,1.0,0.9990234375,0.9482421875,1.0,0.42646801157056635,0.2531965681466388,0.9692507392610611,0.0,1.5686910336701746e-16
SmolLM2-1.7B,0,8111,1,2048,0.8999316325908081,0.9443428248807144,0.9630380485316252,0.9756638537065361,0.9871882130084,1.0,0.9970703125,0.94921875,1.0,0.4183950792646498,0.2409203522641684,0.9692507392610611,0.0,0.0
SmolLM2-1.7B,0,8111,4,2048,0.8965095089657699,0.9466305305487734,0.965538587174745,0.9763385337372014,0.9862187660584809,1.0,0.9990234375,0.94384765625,1.0,0.37890264267162044,0.19969229137923347,0.9692507392610611,0.0,1.5686910336701746e-16
SmolLM2-1.7B,0,8111,16,2048,0.906266671376253,0.9490744845982936,0.9664931849863246,0.9773021449877068,0.9861848151193489,1.0,0.9990234375,0.95703125,1.0,0.3291807076570352,0.14350853396373855,0.9692507392610611,0.0,1.5686910336701746e-16
SmolLM2-1.7B,6,1729,0,2048,0.8888327634249825,0.935858726680205,0.9566201653136694,0.9687091483420409,0.9813258614717766,1.0,0.9970703125,0.92578125,1.0,0.8302035932785437,0.7797932248136595,0.7729830009585512,0.0,1.5665153657685558e-16
SmolLM2-1.7B,6,1729,1,2048,0.885858347309585,0.9353503885149597,0.9561940765378169,0.9690572957594105,0.9807036195986906,1.0,0.99560546875,0.92431640625,1.0,0.8231272856093865,0.768326513542094,0.7729830009585512,1.8402765227597248e-16,6.266061463074223e-16
SmolLM2-1.7B,6,1729,4,2048,0.8684776477066546,0.9315800880565279,0.9537299538410076,0.9682510784129217,0.9816919655903358,1.0,0.9892578125,0.8994140625,1.0,0.8005004715630393,0.7347936465819487,0.7729830009585514,1.8402765227597248e-16,6.266061463074223e-16
SmolLM2-1.7B,6,1729,16,2048,0.6414168920402704,0.7665982823993159,0.8738761358126307,0.9357467674142745,0.9710231621537514,0.99755859375,0.779296875,0.4150390625,1.0,0.5802682624099651,0.3671734020417763,0.7729830009585513,0.0,6.266061463074223e-16
SmolLM2-1.7B,6,2718,0,2048,0.8888327634249825,0.935858726680205,0.9566201653136694,0.9687091483420409,0.9813258614717766,1.0,0.9970703125,0.92578125,1.0,0.8302035932785437,0.7797932248136595,0.7729830009585512,0.0,1.5665153657685558e-16
SmolLM2-1.7B,6,2718,1,2048,0.8837451159368489,0.9358589998695385,0.9569333422024995,0.9694659293057252,0.9812463592218111,0.99951171875,0.99462890625,0.91943359375,1.0,0.8228954606328331,0.7683450936805937,0.7729830009585512,0.0,3.1330307315371116e-16
SmolLM2-1.7B,6,2718,4,2048,0.8672113210822873,0.9324775691207349,0.9549098144476676,0.9686296867897455,0.9819013435997961,1.0,0.98583984375,0.9033203125,1.0,0.7990199861065796,0.733030836822654,0.7729830009585513,1.8402765227597248e-16,0.0
SmolLM2-1.7B,6,2718,16,2048,0.6425192492012582,0.7735425331289424,0.8750841763647104,0.9370601533445848,0.970560052629619,0.99609375,0.78662109375,0.4208984375,1.0,0.6060191532508405,0.40774723699539467,0.7729830009585514,1.8402765227597248e-16,3.1330307315371116e-16
SmolLM2-1.7B,6,3141,0,2048,0.8888327634249825,0.935858726680205,0.9566201653136694,0.9687091483420409,0.9813258614717766,1.0,0.9970703125,0.92578125,1.0,0.8302035932785437,0.7797932248136595,0.7729830009585512,0.0,1.5665153657685558e-16
SmolLM2-1.7B,6,3141,1,2048,0.8806935638704017,0.9353096561147306,0.9558652967407083,0.9694868670536672,0.9812477597868179,1.0,0.99658203125,0.9150390625,1.0,0.8234429633656999,0.766880053393451,0.7729830009585512,0.0,0.0
SmolLM2-1.7B,6,3141,4,2048,0.8689736376374164,0.9333079903213521,0.9544321689721834,0.9692240665464054,0.9814800273411984,1.0,0.986328125,0.9013671875,1.0,0.7974040395001587,0.7272621459250895,0.7729830009585512,0.0,1.5665153657685558e-16
SmolLM2-1.7B,6,3141,16,2048,0.6357362980222805,0.7625428275086295,0.8715448563338242,0.9369401319749242,0.9717939214188728,0.99609375,0.77734375,0.4208984375,1.0,0.5849612472467449,0.37728181786575493,0.7729830009585512,0.0,0.0
SmolLM2-1.7B,6,5772,0,2048,0.8888327634249825,0.935858726680205,0.9566201653136694,0.9687091483420409,0.9813258614717766,1.0,0.9970703125,0.92578125,1.0,0.8302035932785437,0.7797932248136595,0.7729830009585512,0.0,1.5665153657685558e-16
SmolLM2-1.7B,6,5772,1,2048,0.8881818597729656,0.9346283042881358,0.955668060360042,0.9692978964144943,0.9817146034170043,1.0,0.99658203125,0.9296875,1.0,0.8227401470973361,0.7671776696535565,0.7729830009585512,0.0,1.5665153657685558e-16
SmolLM2-1.7B,6,5772,4,2048,0.8708350395966373,0.9317064451020157,0.9538487818030934,0.9690843840852175,0.9816389923429661,0.99951171875,0.9853515625,0.90380859375,1.0,0.7947792732994052,0.7276720273095786,0.7729830009585512,0.0,3.1330307315371116e-16
SmolLM2-1.7B,6,5772,16,2048,0.6413557851988763,0.7715416395576392,0.8743769784524673,0.9377658105508269,0.9717565839596448,0.998046875,0.79248046875,0.40771484375,1.0,0.5872046212866804,0.38718263571311035,0.7729830009585512,0.0,3.1330307315371116e-16
SmolLM2-1.7B,6,8111,0,2048,0.8888327634249825,0.935858726680205,0.9566201653136694,0.9687091483420409,0.9813258614717766,1.0,0.9970703125,0.92578125,1.0,0.8302035932785437,0.7797932248136595,0.7729830009585512,0.0,1.5665153657685558e-16
SmolLM2-1.7B,6,8111,1,2048,0.8856332633329825,0.9343301962996691,0.9555273410399794,0.9694624200450789,0.9816221424457394,1.0,0.99609375,0.916015625,1.0,0.8234334018745078,0.7674988489629179,0.7729830009585512,0.0,0.0
SmolLM2-1.7B,6,8111,4,2048,0.871729690573504,0.9327300966092147,0.954377509063282,0.9685921626821076,0.9816241069958949,1.0,0.98828125,0.90283203125,1.0,0.7969869451587035,0.7286630992259119,0.7729830009585512,0.0,0.0
SmolLM2-1.7B,6,8111,16,2048,0.6366631600705714,0.7661492315764297,0.8696446833030287,0.9346018976444159,0.9717769443067534,0.99462890625,0.78564453125,0.39892578125,1.0,0.5823010508679247,0.36826489764486653,0.7729830009585512,0.0,0.0
SmolLM2-1.7B,15,1729,0,2048,0.723982549508643,0.8285092911515656,0.8793845155389657,0.9139529126137728,0.950298355568905,0.9970703125,0.92431640625,0.35791015625,1.0,0.9814981160597049,0.9749676297173229,0.54435568183809,5.820474507713551e-16,2.317895957420718e-16
SmolLM2-1.7B,15,1729,1,2048,0.7103176012495236,0.8274688381858286,0.8795133797921657,0.9130406596571468,0.9508892510271284,0.99365234375,0.91650390625,0.35546875,1.0,0.9801738054922258,0.9730922893274331,0.5443556818380898,3.880316338475701e-16,2.317895957420718e-16
SmolLM2-1.7B,15,1729,4,2048,0.6562787228989141,0.8212735664981372,0.8769935735958038,0.9149804161696535,0.9484561322293584,0.98828125,0.88916015625,0.3486328125,1.0,0.9744391041194667,0.9676862452368549,0.54435568183809,3.880316338475701e-16,8.112635850972513e-16
SmolLM2-1.7B,15,1729,16,2048,0.39443106677812906,0.5241315639548039,0.5978619349819989,0.7499045309959189,0.905763946470171,0.81103515625,0.25,0.05810546875,1.0,0.810067912180322,0.5754195880394135,0.54435568183809,3.880316338475701e-16,5.794739893551795e-16
SmolLM2-1.7B,15,2718,0,2048,0.723982549508643,0.8285092911515656,0.8793845155389657,0.9139529126137728,0.950298355568905,0.9970703125,0.92431640625,0.35791015625,1.0,0.9814981160597049,0.9749676297173229,0.54435568183809,5.820474507713551e-16,2.317895957420718e-16
SmolLM2-1.7B,15,2718,1,2048,0.7075556341926104,0.8292926721188856,0.8802593009813803,0.9158509372487371,0.947854082806543,0.994140625,0.91796875,0.36279296875,1.0,0.9801308278743464,0.9731520948678528,0.5443556818380901,5.820474507713551e-16,9.271583829682871e-16
SmolLM2-1.7B,15,2718,4,2048,0.6502530118198728,0.818654853959748,0.8775755601413755,0.913855628439675,0.9481303591916191,0.98828125,0.89208984375,0.35498046875,1.0,0.975792529583219,0.9677992415688903,0.5443556818380898,3.880316338475701e-16,5.794739893551795e-16
SmolLM2-1.7B,15,2718,16,2048,0.39441401939244963,0.531767334255594,0.6234869301081742,0.7867264613014046,0.9075787204606217,0.822265625,0.31005859375,0.06640625,1.0,0.865111799784215,0.7063263539698793,0.54435568183809,5.820474507713551e-16,5.794739893551795e-16
SmolLM2-1.7B,15,3141,0,2048,0.723982549508643,0.8285092911515656,0.8793845155389657,0.9139529126137728,0.950298355568905,0.9970703125,0.92431640625,0.35791015625,1.0,0.9814981160597049,0.9749676297173229,0.54435568183809,5.820474507713551e-16,2.317895957420718e-16
SmolLM2-1.7B,15,3141,1,2048,0.7178751467991277,0.8269786912117553,0.8777729035942086,0.9154401346639173,0.9502576163183433,0.99267578125,0.92138671875,0.35400390625,1.0,0.9803521465669298,0.9732267362048327,0.54435568183809,5.820474507713551e-16,4.635791914841436e-16
SmolLM2-1.7B,15,3141,4,2048,0.6779663421370772,0.8224076464575741,0.8760449458287869,0.9142711016163051,0.9487978284865355,0.98583984375,0.89404296875,0.34765625,1.0,0.975345137644487,0.9680047236455153,0.54435568183809,5.820474507713551e-16,5.794739893551795e-16
SmolLM2-1.7B,15,3141,16,2048,0.3842591354203309,0.5225561782042726,0.5999251576724522,0.7560517566203013,0.9007812292770063,0.81005859375,0.25830078125,0.05029296875,1.0,0.8388146747363314,0.6561609454898382,0.54435568183809,1.9401581692378504e-16,3.476843936131077e-16
SmolLM2-1.7B,15,5772,0,2048,0.723982549508643,0.8285092911515656,0.8793845155389657,0.9139529126137728,0.950298355568905,0.9970703125,0.92431640625,0.35791015625,1.0,0.9814981160597049,0.9749676297173229,0.54435568183809,5.820474507713551e-16,2.317895957420718e-16
SmolLM2-1.7B,15,5772,1,2048,0.713939755451708,0.8275828158184964,0.8785232134620287,0.9166161349616155,0.9499198603883571,0.994140625,0.919921875,0.37060546875,1.0,0.979988843787488,0.9731135342962562,0.54435568183809,3.880316338475701e-16,5.794739893551795e-16
SmolLM2-1.7B,15,5772,4,2048,0.6699450343330071,0.8225855967406064,0.8791257420416075,0.9154166584156057,0.9484204127670437,0.9892578125,0.8935546875,0.35205078125,1.0,0.974589922492366,0.9680190982890825,0.54435568183809,1.9401581692378504e-16,3.476843936131077e-16
SmolLM2-1.7B,15,5772,16,2048,0.4004700838271687,0.5249521381268482,0.6036777462144931,0.7559483815212359,0.9142185547002702,0.8134765625,0.2578125,0.0615234375,1.0,0.8224029093713863,0.6072060698335544,0.54435568183809,0.0,3.476843936131077e-16
SmolLM2-1.7B,15,8111,0,2048,0.723982549508643,0.8285092911515656,0.8793845155389657,0.9139529126137728,0.950298355568905,0.9970703125,0.92431640625,0.35791015625,1.0,0.9814981160597049,0.9749676297173229,0.54435568183809,5.820474507713551e-16,2.317895957420718e-16
SmolLM2-1.7B,15,8111,1,2048,0.719729776633307,0.8262870551153239,0.8786582696619778,0.9149571500995964,0.9506563153581666,0.9951171875,0.9248046875,0.35986328125,1.0,0.9801963080998575,0.9729787253926283,0.54435568183809,1.9401581692378504e-16,4.635791914841436e-16
SmolLM2-1.7B,15,8111,4,2048,0.6899972872773324,0.8249344161549756,0.8777889904511951,0.9154951875779255,0.9481081979026581,0.9921875,0.8955078125,0.35791015625,1.0,0.9756379814819351,0.9674361566847341,0.5443556818380901,1.9401581692378504e-16,5.794739893551795e-16
SmolLM2-1.7B,15,8111,16,2048,0.4005549565729694,0.536715303446651,0.6453614375701295,0.8024595114003936,0.9169378832627805,0.84912109375,0.33837890625,0.07568359375,0.99951171875,0.8724427268124495,0.7328270650035454,0.54435568183809,0.0,3.476843936131077e-16
SmolLM2-1.7B,18,1729,0,2048,0.8405424960541428,0.9098380573916445,0.9393843192746543,0.958524565696885,0.9752690200709785,0.9970703125,0.98828125,0.81103515625,1.0,0.8858577444706612,0.8555770164437737,0.572368766247764,1.727431020166013e-16,3.468154862479224e-16
SmolLM2-1.7B,18,1729,1,2048,0.8301058903640482,0.9083217994254671,0.9384872023878685,0.9581682849945674,0.9747040962567921,0.99609375,0.9814453125,0.7998046875,1.0,0.8828016825383469,0.852907701049218,0.5723687662477639,0.0,9.248412966611263e-16
SmolLM2-1.7B,18,1729,4,2048,0.7889672986371228,0.8967762883135931,0.9333993852784156,0.9540049546055025,0.9733009611894681,0.994140625,0.96484375,0.73779296875,1.0,0.8739128728110286,0.8431049318338376,0.5723687662477642,0.0,4.624206483305632e-16
SmolLM2-1.7B,18,1729,16,2048,0.46978969631267675,0.5991923196955551,0.7653863020405768,0.8850079288314363,0.9507991552811321,0.92236328125,0.5234375,0.20849609375,1.0,0.7525792579887547,0.6089990432579361,0.572368766247764,0.0,3.468154862479224e-16
SmolLM2-1.7B,18,2718,0,2048,0.8405424960541428,0.9098380573916445,0.9393843192746543,0.958524565696885,0.9752690200709785,0.9970703125,0.98828125,0.81103515625,1.0,0.8858577444706612,0.8555770164437737,0.572368766247764,1.727431020166013e-16,3.468154862479224e-16
SmolLM2-1.7B,18,2718,1,2048,0.8308745020762992,0.9083750072897578,0.9385733789914217,0.957510098228809,0.9751672437720678,0.99658203125,0.98388671875,0.802734375,1.0,0.8821536952610947,0.8520267130351229,0.5723687662477638,1.727431020166013e-16,9.248412966611263e-16
SmolLM2-1.7B,18,2718,4,2048,0.7970292980655853,0.8964094221682797,0.9329305498535776,0.9545678809560905,0.973784292560501,0.9951171875,0.96630859375,0.736328125,1.0,0.8736380189060535,0.8420378944586818,0.5723687662477642,3.454862040332026e-16,2.312103241652816e-16
SmolLM2-1.7B,18,2718,16,2048,0.45914260242265,0.5716667220711867,0.6988613617737679,0.85137329672059,0.9413522322486145,0.89990234375,0.423828125,0.1513671875,1.0,0.6947722980214448,0.4881953631642475,0.5723687662477641,0.0,2.312103241652816e-16
SmolLM2-1.7B,18,3141,0,2048,0.8405424960541428,0.9098380573916445,0.9393843192746543,0.958524565696885,0.9752690200709785,0.9970703125,0.98828125,0.81103515625,1.0,0.8858577444706612,0.8555770164437737,0.572368766247764,1.727431020166013e-16,3.468154862479224e-16
SmolLM2-1.7B,18,3141,1,2048,0.8310475233658732,0.908976620788299,0.938082862342493,0.9577625829573084,0.9742955072084047,0.9970703125,0.98388671875,0.798828125,1.0,0.8836239027737758,0.8533285090993482,0.5723687662477641,3.454862040332026e-16,1.156051620826408e-16
SmolLM2-1.7B,18,3141,4,2048,0.7956742675085177,0.8965188145394408,0.9322949730502254,0.955654291290485,0.973682142717237,0.99462890625,0.9638671875,0.7333984375,1.0,0.876016667280741,0.8433756838299277,0.572368766247764,1.727431020166013e-16,2.312103241652816e-16
SmolLM2-1.7B,18,3141,16,2048,0.46624108659261904,0.6043527253333792,0.7892933711755958,0.8932692659925315,0.9489752387533146,0.90966796875,0.56396484375,0.22705078125,1.0,0.7628527438626349,0.6258728416139772,0.572368766247764,5.182293060498039e-16,3.468154862479224e-16
SmolLM2-1.7B,18,5772,0,2048,0.8405424960541428,0.9098380573916445,0.9393843192746543,0.958524565696885,0.9752690200709785,0.9970703125,0.98828125,0.81103515625,1.0,0.8858577444706612,0.8555770164437737,0.572368766247764,1.727431020166013e-16,3.468154862479224e-16
SmolLM2-1.7B,18,5772,1,2048,0.8311827757805466,0.9091683339220464,0.938744808148207,0.9586118035748084,0.9746959891820264,0.99755859375,0.9833984375,0.79150390625,1.0,0.8830429997883398,0.8527868596595298,0.5723687662477642,3.454862040332026e-16,5.78025810413204e-16
SmolLM2-1.7B,18,5772,4,2048,0.7803574919931379,0.8980437163139089,0.9328147020712039,0.9544274611418431,0.9716245871560648,0.9931640625,0.962890625,0.73974609375,0.99951171875,0.8735762888623533,0.8419630751239758,0.572368766247764,0.0,4.624206483305632e-16
SmolLM2-1.7B,18,5772,16,2048,0.45648594726377606,0.5692115751958251,0.7051043991413943,0.8483419688087286,0.943370391573663,0.8984375,0.41796875,0.154296875,0.99951171875,0.6950340144581584,0.4639305408703333,0.572368766247764,3.454862040332026e-16,2.312103241652816e-16
SmolLM2-1.7B,18,8111,0,2048,0.8405424960541428,0.9098380573916445,0.9393843192746543,0.958524565696885,0.9752690200709785,0.9970703125,0.98828125,0.81103515625,1.0,0.8858577444706612,0.8555770164437737,0.572368766247764,1.727431020166013e-16,3.468154862479224e-16
SmolLM2-1.7B,18,8111,1,2048,0.8319627485929438,0.9079510565551394,0.9387212109675815,0.9579347506639453,0.9747254947894792,0.9970703125,0.98388671875,0.7998046875,1.0,0.8828851258432153,0.8533505983946604,0.5723687662477643,1.727431020166013e-16,4.624206483305632e-16
SmolLM2-1.7B,18,8111,4,2048,0.7876613750776031,0.902256798794929,0.9335468390176342,0.9542929744197713,0.9729185324076486,0.9951171875,0.962890625,0.7578125,1.0,0.8738509754269854,0.8439237044390339,0.572368766247764,0.0,5.78025810413204e-16
SmolLM2-1.7B,18,8111,16,2048,0.4695629342709631,0.6074995835757053,0.7767558392617471,0.8885786374250999,0.9509538950533459,0.92333984375,0.54638671875,0.21240234375,1.0,0.7562001921192432,0.6151568921470515,0.572368766247764,3.454862040332026e-16,2.312103241652816e-16
SmolLM2-1.7B,24,1729,0,2048,0.8709704525887647,0.9285068289764989,0.9533461674718403,0.9694818348884545,0.9869496821506568,1.0,0.99658203125,0.88916015625,1.0,0.8585627426520266,0.8104821323053377,0.964105578392642,0.0,2.337281180510529e-16
SmolLM2-1.7B,24,1729,1,2048,0.8682118771105086,0.9298944256484487,0.9544719158304208,0.9707552574821864,0.9874700271107071,1.0,0.99658203125,0.89013671875,1.0,0.8476707978769396,0.7897929595902868,0.964105578392642,1.3923015568159502e-16,0.0
SmolLM2-1.7B,24,1729,4,2048,0.8676111590084857,0.9315806600656487,0.9562205395222518,0.9730733072689625,0.9868476884408492,0.99951171875,0.9951171875,0.8955078125,1.0,0.794815943946942,0.6812085475147168,0.964105578392642,1.3923015568159502e-16,2.337281180510529e-16
SmolLM2-1.7B,24,1729,16,2048,0.8631300415973523,0.9341557691491513,0.9585322526563189,0.9740265456611542,0.986751269900521,1.0,0.9951171875,0.89013671875,1.0,0.47217087448892814,0.2594404643060414,0.964105578392642,0.0,1.1686405902552646e-16
SmolLM2-1.7B,24,2718,0,2048,0.8709704525887647,0.9285068289764989,0.9533461674718403,0.9694818348884545,0.9869496821506568,1.0,0.99658203125,0.88916015625,1.0,0.8585627426520266,0.8104821323053377,0.964105578392642,0.0,2.337281180510529e-16
SmolLM2-1.7B,24,2718,1,2048,0.8662580865960394,0.92986482886319,0.9546210937330802,0.970365079187899,0.9871972279307628,1.0,0.99658203125,0.89404296875,1.0,0.8470764534985895,0.7900453177798376,0.964105578392642,1.3923015568159502e-16,2.337281180510529e-16
SmolLM2-1.7B,24,2718,4,2048,0.872286870611984,0.9329454959885927,0.958159645356091,0.9731384099599152,0.9867150535950414,1.0,0.994140625,0.9052734375,1.0,0.7925054672407592,0.6699083636831654,0.964105578392642,1.3923015568159502e-16,2.337281180510529e-16
SmolLM2-1.7B,24,2718,16,2048,0.8649076025623951,0.931950319365022,0.9591958214767902,0.9744076099936219,0.9861919355622384,1.0,0.99365234375,0.88671875,1.0,0.4663188923310275,0.25267219400819174,0.964105578392642,1.3923015568159502e-16,1.1686405902552646e-16
SmolLM2-1.7B,24,3141,0,2048,0.8709704525887647,0.9285068289764989,0.9533461674718403,0.9694818348884545,0.9869496821506568,1.0,0.99658203125,0.88916015625,1.0,0.8585627426520266,0.8104821323053377,0.964105578392642,0.0,2.337281180510529e-16
SmolLM2-1.7B,24,3141,1,2048,0.8698680034168915,0.930002871717218,0.9545480349507945,0.9709489168640467,0.9868572052953706,1.0,0.99755859375,0.9013671875,1.0,0.8469713157990915,0.7919081661820472,0.964105578392642,1.3923015568159502e-16,0.0
SmolLM2-1.7B,24,3141,4,2048,0.8679213137822513,0.9349700262885652,0.9586772905461542,0.9731766128683597,0.9864702373650759,1.0,0.99365234375,0.89208984375,1.0,0.7937953606452708,0.6803989962252884,0.964105578392642,1.3923015568159502e-16,0.0
SmolLM2-1.7B,24,3141,16,2048,0.8700324827978458,0.9308275515341984,0.9587175683180849,0.9746090116805879,0.9865160837075737,1.0,0.994140625,0.88623046875,1.0,0.4628813939664651,0.24821303950133672,0.964105578392642,1.3923015568159502e-16,2.337281180510529e-16
SmolLM2-1.7B,24,5772,0,2048,0.8709704525887647,0.9285068289764989,0.9533461674718403,0.9694818348884545,0.9869496821506568,1.0,0.99658203125,0.88916015625,1.0,0.8585627426520266,0.8104821323053377,0.964105578392642,0.0,2.337281180510529e-16
SmolLM2-1.7B,24,5772,1,2048,0.8659195075115117,0.9293915213948842,0.9551661052036218,0.9710137831218966,0.9874518263737911,1.0,0.9970703125,0.88818359375,1.0,0.8461460969568388,0.7835570922985359,0.964105578392642,1.3923015568159502e-16,2.337281180510529e-16
SmolLM2-1.7B,24,5772,4,2048,0.8688035117322321,0.9334650668151105,0.9577645520396374,0.9733925961067301,0.9868882598985576,1.0,0.994140625,0.89794921875,1.0,0.7917226992283284,0.6789321300594703,0.964105578392642,1.3923015568159502e-16,1.1686405902552646e-16
SmolLM2-1.7B,24,5772,16,2048,0.8647144669778059,0.9341651747184012,0.958876753127784,0.9741664947262668,0.9871381304606006,1.0,0.99462890625,0.8955078125,1.0,0.4535642717079589,0.2289812007317923,0.964105578392642,1.3923015568159502e-16,1.1686405902552646e-16
SmolLM2-1.7B,24,8111,0,2048,0.8709704525887647,0.9285068289764989,0.9533461674718403,0.9694818348884545,0.9869496821506568,1.0,0.99658203125,0.88916015625,1.0,0.8585627426520266,0.8104821323053377,0.964105578392642,0.0,2.337281180510529e-16
SmolLM2-1.7B,24,8111,1,2048,0.8697746929704847,0.9284590849762964,0.9546182163911066,0.9705186336375924,0.9867969173614307,1.0,0.9970703125,0.88525390625,1.0,0.8476691119077775,0.786404044328547,0.964105578392642,0.0,2.337281180510529e-16
SmolLM2-1.7B,24,8111,4,2048,0.866528773480171,0.9332379832187891,0.9585218075726378,0.972567721148466,0.9859293578895038,1.0,0.9931640625,0.89599609375,1.0,0.7960640795377354,0.6902095270385489,0.964105578392642,0.0,1.1686405902552646e-16
SmolLM2-1.7B,24,8111,16,2048,0.8654911593503412,0.9332797550088591,0.9578673084373674,0.9743161284176083,0.9869428848817046,1.0,0.99462890625,0.890625,1.0,0.4673280777174862,0.24658475093427823,0.964105578392642,0.0,2.337281180510529e-16
