flores_code,model,fertility
afr_Latn,Qwen3-0.6B-Base,1.4949
afr_Latn,Qwen3-1.7B-Base,1.4949
afr_Latn,Qwen3-4B-Base,1.4949
afr_Latn,Qwen3-8B-Base,1.4949
als_Latn,Qwen3-0.6B-Base,1.8695
als_Latn,Qwen3-1.7B-Base,1.8695
als_Latn,Qwen3-4B-Base,1.8695
als_Latn,Qwen3-8B-Base,1.8695
amh_Ethi,Qwen3-0.6B-Base,5.9294
amh_Ethi,Qwen3-1.7B-Base,5.9294
amh_Ethi,Qwen3-4B-Base,5.9294
amh_Ethi,Qwen3-8B-Base,5.9294
arb_Arab,Qwen3-0.6B-Base,1.7374
arb_Arab,Qwen3-1.7B-Base,1.7374
arb_Arab,Qwen3-4B-Base,1.7374
arb_Arab,Qwen3-8B-Base,1.7374
arb_Latn,Qwen3-0.6B-Base,1.7374
arb_Latn,Qwen3-1.7B-Base,1.7374
arb_Latn,Qwen3-4B-Base,1.7374
arb_Latn,Qwen3-8B-Base,1.7374
azj_Latn,Qwen3-0.6B-Base,2.1428
azj_Latn,Qwen3-1.7B-Base,2.1428
azj_Latn,Qwen3-4B-Base,2.1428
azj_Latn,Qwen3-8B-Base,2.1428
ben_Beng,Qwen3-0.6B-Base,4.9675
ben_Beng,Qwen3-1.7B-Base,4.9675
ben_Beng,Qwen3-4B-Base,4.9675
ben_Beng,Qwen3-8B-Base,4.9675
ben_Latn^,Qwen3-0.6B-Base,4.9675
ben_Latn^,Qwen3-1.7B-Base,4.9675
ben_Latn^,Qwen3-4B-Base,4.9675
ben_Latn^,Qwen3-8B-Base,4.9675
bod_Tibt,Qwen3-0.6B-Base,6.0659
bod_Tibt,Qwen3-1.7B-Base,6.0659
bod_Tibt,Qwen3-4B-Base,6.0659
bod_Tibt,Qwen3-8B-Base,6.0659
bul_Cyrl,Qwen3-0.6B-Base,2.0365
bul_Cyrl,Qwen3-1.7B-Base,2.0365
bul_Cyrl,Qwen3-4B-Base,2.0365
bul_Cyrl,Qwen3-8B-Base,2.0365
cat_Latn,Qwen3-0.6B-Base,1.4294
cat_Latn,Qwen3-1.7B-Base,1.4294
cat_Latn,Qwen3-4B-Base,1.4294
cat_Latn,Qwen3-8B-Base,1.4294
ces_Latn,Qwen3-0.6B-Base,2.0635
ces_Latn,Qwen3-1.7B-Base,2.0635
ces_Latn,Qwen3-4B-Base,2.0635
ces_Latn,Qwen3-8B-Base,2.0635
dan_Latn,Qwen3-0.6B-Base,1.4893
dan_Latn,Qwen3-1.7B-Base,1.4893
dan_Latn,Qwen3-4B-Base,1.4893
dan_Latn,Qwen3-8B-Base,1.4893
deu_Latn,Qwen3-0.6B-Base,1.291
deu_Latn,Qwen3-1.7B-Base,1.291
deu_Latn,Qwen3-4B-Base,1.291
deu_Latn,Qwen3-8B-Base,1.291
ell_Grek,Qwen3-0.6B-Base,3.8961
ell_Grek,Qwen3-1.7B-Base,3.8961
ell_Grek,Qwen3-4B-Base,3.8961
ell_Grek,Qwen3-8B-Base,3.8961
eng_Latn,Qwen3-0.6B-Base,1.0
eng_Latn,Qwen3-1.7B-Base,1.0
eng_Latn,Qwen3-4B-Base,1.0
eng_Latn,Qwen3-8B-Base,1.0
est_Latn,Qwen3-0.6B-Base,1.7888
est_Latn,Qwen3-1.7B-Base,1.7888
est_Latn,Qwen3-4B-Base,1.7888
est_Latn,Qwen3-8B-Base,1.7888
eus_Latn,Qwen3-0.6B-Base,1.6796
eus_Latn,Qwen3-1.7B-Base,1.6796
eus_Latn,Qwen3-4B-Base,1.6796
eus_Latn,Qwen3-8B-Base,1.6796
fin_Latn,Qwen3-0.6B-Base,1.7471
fin_Latn,Qwen3-1.7B-Base,1.7471
fin_Latn,Qwen3-4B-Base,1.7471
fin_Latn,Qwen3-8B-Base,1.7471
fra_Latn,Qwen3-0.6B-Base,1.2989
fra_Latn,Qwen3-1.7B-Base,1.2989
fra_Latn,Qwen3-4B-Base,1.2989
fra_Latn,Qwen3-8B-Base,1.2989
gaz_Latn,Qwen3-0.6B-Base,1.8212
gaz_Latn,Qwen3-1.7B-Base,1.8212
gaz_Latn,Qwen3-4B-Base,1.8212
gaz_Latn,Qwen3-8B-Base,1.8212
guj_Gujr,Qwen3-0.6B-Base,6.8984
guj_Gujr,Qwen3-1.7B-Base,6.8984
guj_Gujr,Qwen3-4B-Base,6.8984
guj_Gujr,Qwen3-8B-Base,6.8984
hau_Latn,Qwen3-0.6B-Base,1.7729
hau_Latn,Qwen3-1.7B-Base,1.7729
hau_Latn,Qwen3-4B-Base,1.7729
hau_Latn,Qwen3-8B-Base,1.7729
heb_Hebr,Qwen3-0.6B-Base,1.8212
heb_Hebr,Qwen3-1.7B-Base,1.8212
heb_Hebr,Qwen3-4B-Base,1.8212
heb_Hebr,Qwen3-8B-Base,1.8212
hin_Deva,Qwen3-0.6B-Base,4.2175
hin_Deva,Qwen3-1.7B-Base,4.2175
hin_Deva,Qwen3-4B-Base,4.2175
hin_Deva,Qwen3-8B-Base,4.2175
hin_Latn^,Qwen3-0.6B-Base,4.2175
hin_Latn^,Qwen3-1.7B-Base,4.2175
hin_Latn^,Qwen3-4B-Base,4.2175
hin_Latn^,Qwen3-8B-Base,4.2175
hrv_Latn,Qwen3-0.6B-Base,1.7484
hrv_Latn,Qwen3-1.7B-Base,1.7484
hrv_Latn,Qwen3-4B-Base,1.7484
hrv_Latn,Qwen3-8B-Base,1.7484
hun_Latn,Qwen3-0.6B-Base,1.8957
hun_Latn,Qwen3-1.7B-Base,1.8957
hun_Latn,Qwen3-4B-Base,1.8957
hun_Latn,Qwen3-8B-Base,1.8957
hye_Armn,Qwen3-0.6B-Base,4.5443
hye_Armn,Qwen3-1.7B-Base,4.5443
hye_Armn,Qwen3-4B-Base,4.5443
hye_Armn,Qwen3-8B-Base,4.5443
ibo_Latn,Qwen3-0.6B-Base,2.177
ibo_Latn,Qwen3-1.7B-Base,2.177
ibo_Latn,Qwen3-4B-Base,2.177
ibo_Latn,Qwen3-8B-Base,2.177
ind_Latn,Qwen3-0.6B-Base,1.3162
ind_Latn,Qwen3-1.7B-Base,1.3162
ind_Latn,Qwen3-4B-Base,1.3162
ind_Latn,Qwen3-8B-Base,1.3162
isl_Latn,Qwen3-0.6B-Base,2.027
isl_Latn,Qwen3-1.7B-Base,2.027
isl_Latn,Qwen3-4B-Base,2.027
isl_Latn,Qwen3-8B-Base,2.027
ita_Latn,Qwen3-0.6B-Base,1.3051
ita_Latn,Qwen3-1.7B-Base,1.3051
ita_Latn,Qwen3-4B-Base,1.3051
ita_Latn,Qwen3-8B-Base,1.3051
jpn_Jpan,Qwen3-0.6B-Base,3.1242
jpn_Jpan,Qwen3-1.7B-Base,3.1242
jpn_Jpan,Qwen3-4B-Base,3.1242
jpn_Jpan,Qwen3-8B-Base,3.1242
kan_Knda,Qwen3-0.6B-Base,6.3937
kan_Knda,Qwen3-1.7B-Base,6.3937
kan_Knda,Qwen3-4B-Base,6.3937
kan_Knda,Qwen3-8B-Base,6.3937
kat_Geor,Qwen3-0.6B-Base,4.4992
kat_Geor,Qwen3-1.7B-Base,4.4992
kat_Geor,Qwen3-4B-Base,4.4992
kat_Geor,Qwen3-8B-Base,4.4992
kaz_Cyrl,Qwen3-0.6B-Base,2.7857
kaz_Cyrl,Qwen3-1.7B-Base,2.7857
kaz_Cyrl,Qwen3-4B-Base,2.7857
kaz_Cyrl,Qwen3-8B-Base,2.7857
khk_Cyrl,Qwen3-0.6B-Base,2.8953
khk_Cyrl,Qwen3-1.7B-Base,2.8953
khk_Cyrl,Qwen3-4B-Base,2.8953
khk_Cyrl,Qwen3-8B-Base,2.8953
khm_Khmr,Qwen3-0.6B-Base,5.2412
khm_Khmr,Qwen3-1.7B-Base,5.2412
khm_Khmr,Qwen3-4B-Base,5.2412
khm_Khmr,Qwen3-8B-Base,5.2412
kin_Latn,Qwen3-0.6B-Base,1.7992
kin_Latn,Qwen3-1.7B-Base,1.7992
kin_Latn,Qwen3-4B-Base,1.7992
kin_Latn,Qwen3-8B-Base,1.7992
kir_Cyrl,Qwen3-0.6B-Base,2.5432
kir_Cyrl,Qwen3-1.7B-Base,2.5432
kir_Cyrl,Qwen3-4B-Base,2.5432
kir_Cyrl,Qwen3-8B-Base,2.5432
kor_Hang,Qwen3-0.6B-Base,3.2567
kor_Hang,Qwen3-1.7B-Base,3.2567
kor_Hang,Qwen3-4B-Base,3.2567
kor_Hang,Qwen3-8B-Base,3.2567
lao_Laoo,Qwen3-0.6B-Base,5.355
lao_Laoo,Qwen3-1.7B-Base,5.355
lao_Laoo,Qwen3-4B-Base,5.355
lao_Laoo,Qwen3-8B-Base,5.355
lit_Latn,Qwen3-0.6B-Base,1.9958
lit_Latn,Qwen3-1.7B-Base,1.9958
lit_Latn,Qwen3-4B-Base,1.9958
lit_Latn,Qwen3-8B-Base,1.9958
lvs_Latn,Qwen3-0.6B-Base,2.1688
lvs_Latn,Qwen3-1.7B-Base,2.1688
lvs_Latn,Qwen3-4B-Base,2.1688
lvs_Latn,Qwen3-8B-Base,2.1688
mal_Mlym,Qwen3-0.6B-Base,6.2127
mal_Mlym,Qwen3-1.7B-Base,6.2127
mal_Mlym,Qwen3-4B-Base,6.2127
mal_Mlym,Qwen3-8B-Base,6.2127
mar_Deva,Qwen3-0.6B-Base,4.3906
mar_Deva,Qwen3-1.7B-Base,4.3906
mar_Deva,Qwen3-4B-Base,4.3906
mar_Deva,Qwen3-8B-Base,4.3906
mkd_Cyrl,Qwen3-0.6B-Base,2.0778
mkd_Cyrl,Qwen3-1.7B-Base,2.0778
mkd_Cyrl,Qwen3-4B-Base,2.0778
mkd_Cyrl,Qwen3-8B-Base,2.0778
mlt_Latn,Qwen3-0.6B-Base,1.9275
mlt_Latn,Qwen3-1.7B-Base,1.9275
mlt_Latn,Qwen3-4B-Base,1.9275
mlt_Latn,Qwen3-8B-Base,1.9275
mri_Latn,Qwen3-0.6B-Base,2.0077
mri_Latn,Qwen3-1.7B-Base,2.0077
mri_Latn,Qwen3-4B-Base,2.0077
mri_Latn,Qwen3-8B-Base,2.0077
mya_Mymr,Qwen3-0.6B-Base,7.053
mya_Mymr,Qwen3-1.7B-Base,7.053
mya_Mymr,Qwen3-4B-Base,7.053
mya_Mymr,Qwen3-8B-Base,7.053
nld_Latn,Qwen3-0.6B-Base,1.3473
nld_Latn,Qwen3-1.7B-Base,1.3473
nld_Latn,Qwen3-4B-Base,1.3473
nld_Latn,Qwen3-8B-Base,1.3473
nob_Latn,Qwen3-0.6B-Base,1.4828
nob_Latn,Qwen3-1.7B-Base,1.4828
nob_Latn,Qwen3-4B-Base,1.4828
nob_Latn,Qwen3-8B-Base,1.4828
npi_Deva,Qwen3-0.6B-Base,4.2745
npi_Deva,Qwen3-1.7B-Base,4.2745
npi_Deva,Qwen3-4B-Base,4.2745
npi_Deva,Qwen3-8B-Base,4.2745
npi_Latn^,Qwen3-0.6B-Base,4.2745
npi_Latn^,Qwen3-1.7B-Base,4.2745
npi_Latn^,Qwen3-4B-Base,4.2745
npi_Latn^,Qwen3-8B-Base,4.2745
nso_Latn,Qwen3-0.6B-Base,1.7231
nso_Latn,Qwen3-1.7B-Base,1.7231
nso_Latn,Qwen3-4B-Base,1.7231
nso_Latn,Qwen3-8B-Base,1.7231
nya_Latn,Qwen3-0.6B-Base,1.767
nya_Latn,Qwen3-1.7B-Base,1.767
nya_Latn,Qwen3-4B-Base,1.767
nya_Latn,Qwen3-8B-Base,1.767
pan_Guru,Qwen3-0.6B-Base,6.8486
pan_Guru,Qwen3-1.7B-Base,6.8486
pan_Guru,Qwen3-4B-Base,6.8486
pan_Guru,Qwen3-8B-Base,6.8486
pbt_Arab,Qwen3-0.6B-Base,2.9847
pbt_Arab,Qwen3-1.7B-Base,2.9847
pbt_Arab,Qwen3-4B-Base,2.9847
pbt_Arab,Qwen3-8B-Base,2.9847
pes_Arab,Qwen3-0.6B-Base,2.6158
pes_Arab,Qwen3-1.7B-Base,2.6158
pes_Arab,Qwen3-4B-Base,2.6158
pes_Arab,Qwen3-8B-Base,2.6158
plt_Latn,Qwen3-0.6B-Base,1.752
plt_Latn,Qwen3-1.7B-Base,1.752
plt_Latn,Qwen3-4B-Base,1.752
plt_Latn,Qwen3-8B-Base,1.752
pol_Latn,Qwen3-0.6B-Base,1.7446
pol_Latn,Qwen3-1.7B-Base,1.7446
pol_Latn,Qwen3-4B-Base,1.7446
pol_Latn,Qwen3-8B-Base,1.7446
por_Latn,Qwen3-0.6B-Base,1.286
por_Latn,Qwen3-1.7B-Base,1.286
por_Latn,Qwen3-4B-Base,1.286
por_Latn,Qwen3-8B-Base,1.286
ron_Latn,Qwen3-0.6B-Base,1.5856
ron_Latn,Qwen3-1.7B-Base,1.5856
ron_Latn,Qwen3-4B-Base,1.5856
ron_Latn,Qwen3-8B-Base,1.5856
rus_Cyrl,Qwen3-0.6B-Base,1.6852
rus_Cyrl,Qwen3-1.7B-Base,1.6852
rus_Cyrl,Qwen3-4B-Base,1.6852
rus_Cyrl,Qwen3-8B-Base,1.6852
sin_Latn^,Qwen3-0.6B-Base,6.5211
sin_Latn^,Qwen3-1.7B-Base,6.5211
sin_Latn^,Qwen3-4B-Base,6.5211
sin_Latn^,Qwen3-8B-Base,6.5211
sin_Sinh,Qwen3-0.6B-Base,6.5211
sin_Sinh,Qwen3-1.7B-Base,6.5211
sin_Sinh,Qwen3-4B-Base,6.5211
sin_Sinh,Qwen3-8B-Base,6.5211
slk_Latn,Qwen3-0.6B-Base,1.9416
slk_Latn,Qwen3-1.7B-Base,1.9416
slk_Latn,Qwen3-4B-Base,1.9416
slk_Latn,Qwen3-8B-Base,1.9416
slv_Latn,Qwen3-0.6B-Base,1.791
slv_Latn,Qwen3-1.7B-Base,1.791
slv_Latn,Qwen3-4B-Base,1.791
slv_Latn,Qwen3-8B-Base,1.791
som_Latn,Qwen3-0.6B-Base,1.7642
som_Latn,Qwen3-1.7B-Base,1.7642
som_Latn,Qwen3-4B-Base,1.7642
som_Latn,Qwen3-8B-Base,1.7642
spa_Latn,Qwen3-0.6B-Base,1.2347
spa_Latn,Qwen3-1.7B-Base,1.2347
spa_Latn,Qwen3-4B-Base,1.2347
spa_Latn,Qwen3-8B-Base,1.2347
srp_Cyrl,Qwen3-0.6B-Base,2.2577
srp_Cyrl,Qwen3-1.7B-Base,2.2577
srp_Cyrl,Qwen3-4B-Base,2.2577
srp_Cyrl,Qwen3-8B-Base,2.2577
ssw_Latn,Qwen3-0.6B-Base,1.8211
ssw_Latn,Qwen3-1.7B-Base,1.8211
ssw_Latn,Qwen3-4B-Base,1.8211
ssw_Latn,Qwen3-8B-Base,1.8211
swe_Latn,Qwen3-0.6B-Base,1.4982
swe_Latn,Qwen3-1.7B-Base,1.4982
swe_Latn,Qwen3-4B-Base,1.4982
swe_Latn,Qwen3-8B-Base,1.4982
swh_Latn,Qwen3-0.6B-Base,1.7453
swh_Latn,Qwen3-1.7B-Base,1.7453
swh_Latn,Qwen3-4B-Base,1.7453
swh_Latn,Qwen3-8B-Base,1.7453
tam_Taml,Qwen3-0.6B-Base,4.9487
tam_Taml,Qwen3-1.7B-Base,4.9487
tam_Taml,Qwen3-4B-Base,4.9487
tam_Taml,Qwen3-8B-Base,4.9487
tel_Telu,Qwen3-0.6B-Base,6.8005
tel_Telu,Qwen3-1.7B-Base,6.8005
tel_Telu,Qwen3-4B-Base,6.8005
tel_Telu,Qwen3-8B-Base,6.8005
tha_Thai,Qwen3-0.6B-Base,2.5147
tha_Thai,Qwen3-1.7B-Base,2.5147
tha_Thai,Qwen3-4B-Base,2.5147
tha_Thai,Qwen3-8B-Base,2.5147
tir_Ethi,Qwen3-0.6B-Base,5.7956
tir_Ethi,Qwen3-1.7B-Base,5.7956
tir_Ethi,Qwen3-4B-Base,5.7956
tir_Ethi,Qwen3-8B-Base,5.7956
tsn_Latn,Qwen3-0.6B-Base,1.7082
tsn_Latn,Qwen3-1.7B-Base,1.7082
tsn_Latn,Qwen3-4B-Base,1.7082
tsn_Latn,Qwen3-8B-Base,1.7082
tur_Latn,Qwen3-0.6B-Base,1.4769
tur_Latn,Qwen3-1.7B-Base,1.4769
tur_Latn,Qwen3-4B-Base,1.4769
tur_Latn,Qwen3-8B-Base,1.4769
ukr_Cyrl,Qwen3-0.6B-Base,2.3475
ukr_Cyrl,Qwen3-1.7B-Base,2.3475
ukr_Cyrl,Qwen3-4B-Base,2.3475
ukr_Cyrl,Qwen3-8B-Base,2.3475
urd_Arab,Qwen3-0.6B-Base,3.0968
urd_Arab,Qwen3-1.7B-Base,3.0968
urd_Arab,Qwen3-4B-Base,3.0968
urd_Arab,Qwen3-8B-Base,3.0968
urd_Latn^,Qwen3-0.6B-Base,3.0968
urd_Latn^,Qwen3-1.7B-Base,3.0968
urd_Latn^,Qwen3-4B-Base,3.0968
urd_Latn^,Qwen3-8B-Base,3.0968
uzn_Latn,Qwen3-0.6B-Base,1.8354
uzn_Latn,Qwen3-1.7B-Base,1.8354
uzn_Latn,Qwen3-4B-Base,1.8354
uzn_Latn,Qwen3-8B-Base,1.8354
vie_Latn,Qwen3-0.6B-Base,1.2567
vie_Latn,Qwen3-1.7B-Base,1.2567
vie_Latn,Qwen3-4B-Base,1.2567
vie_Latn,Qwen3-8B-Base,1.2567
wol_Latn,Qwen3-0.6B-Base,1.8405
wol_Latn,Qwen3-1.7B-Base,1.8405
wol_Latn,Qwen3-4B-Base,1.8405
wol_Latn,Qwen3-8B-Base,1.8405
xho_Latn,Qwen3-0.6B-Base,1.8378
xho_Latn,Qwen3-1.7B-Base,1.8378
xho_Latn,Qwen3-4B-Base,1.8378
xho_Latn,Qwen3-8B-Base,1.8378
yor_Latn,Qwen3-0.6B-Base,2.3489
yor_Latn,Qwen3-1.7B-Base,2.3489
yor_Latn,Qwen3-4B-Base,2.3489
yor_Latn,Qwen3-8B-Base,2.3489
zho_Hans,Qwen3-0.6B-Base,2.9106
zho_Hans,Qwen3-1.7B-Base,2.9106
zho_Hans,Qwen3-4B-Base,2.9106
zho_Hans,Qwen3-8B-Base,2.9106
zho_Hant,Qwen3-0.6B-Base,2.9106
zho_Hant,Qwen3-1.7B-Base,2.9106
zho_Hant,Qwen3-4B-Base,2.9106
zho_Hant,Qwen3-8B-Base,2.9106
zsm_Latn,Qwen3-0.6B-Base,1.3675
zsm_Latn,Qwen3-1.7B-Base,1.3675
zsm_Latn,Qwen3-4B-Base,1.3675
zsm_Latn,Qwen3-8B-Base,1.3675
zul_Latn,Qwen3-0.6B-Base,1.8048
zul_Latn,Qwen3-1.7B-Base,1.8048
zul_Latn,Qwen3-4B-Base,1.8048
zul_Latn,Qwen3-8B-Base,1.8048
afr_Latn,OLMo-2-0425-1B,1.503
afr_Latn,OLMo-2-1124-7B,1.503
als_Latn,OLMo-2-0425-1B,1.8829
als_Latn,OLMo-2-1124-7B,1.8829
amh_Ethi,OLMo-2-0425-1B,11.1132
amh_Ethi,OLMo-2-1124-7B,11.1132
arb_Arab,OLMo-2-0425-1B,3.274
arb_Arab,OLMo-2-1124-7B,3.274
arb_Latn,OLMo-2-0425-1B,3.274
arb_Latn,OLMo-2-1124-7B,3.274
azj_Latn,OLMo-2-0425-1B,2.2624
azj_Latn,OLMo-2-1124-7B,2.2624
ben_Beng,OLMo-2-0425-1B,5.6039
ben_Beng,OLMo-2-1124-7B,5.6039
ben_Latn^,OLMo-2-0425-1B,5.6039
ben_Latn^,OLMo-2-1124-7B,5.6039
bod_Tibt,OLMo-2-0425-1B,9.324
bod_Tibt,OLMo-2-1124-7B,9.324
bul_Cyrl,OLMo-2-0425-1B,2.3968
bul_Cyrl,OLMo-2-1124-7B,2.3968
cat_Latn,OLMo-2-0425-1B,1.4437
cat_Latn,OLMo-2-1124-7B,1.4437
ces_Latn,OLMo-2-0425-1B,2.0947
ces_Latn,OLMo-2-1124-7B,2.0947
dan_Latn,OLMo-2-0425-1B,1.4974
dan_Latn,OLMo-2-1124-7B,1.4974
deu_Latn,OLMo-2-0425-1B,1.318
deu_Latn,OLMo-2-1124-7B,1.318
ell_Grek,OLMo-2-0425-1B,4.0309
ell_Grek,OLMo-2-1124-7B,4.0309
eng_Latn,OLMo-2-0425-1B,1.0
eng_Latn,OLMo-2-1124-7B,1.0
est_Latn,OLMo-2-0425-1B,1.8058
est_Latn,OLMo-2-1124-7B,1.8058
eus_Latn,OLMo-2-0425-1B,1.6898
eus_Latn,OLMo-2-1124-7B,1.6898
fin_Latn,OLMo-2-0425-1B,1.7611
fin_Latn,OLMo-2-1124-7B,1.7611
fra_Latn,OLMo-2-0425-1B,1.3148
fra_Latn,OLMo-2-1124-7B,1.3148
gaz_Latn,OLMo-2-0425-1B,1.8327
gaz_Latn,OLMo-2-1124-7B,1.8327
guj_Gujr,OLMo-2-0425-1B,7.7429
guj_Gujr,OLMo-2-1124-7B,7.7429
hau_Latn,OLMo-2-0425-1B,1.8391
hau_Latn,OLMo-2-1124-7B,1.8391
heb_Hebr,OLMo-2-0425-1B,4.3273
heb_Hebr,OLMo-2-1124-7B,4.3273
hin_Deva,OLMo-2-0425-1B,4.461
hin_Deva,OLMo-2-1124-7B,4.461
hin_Latn^,OLMo-2-0425-1B,4.461
hin_Latn^,OLMo-2-1124-7B,4.461
hrv_Latn,OLMo-2-0425-1B,1.7596
hrv_Latn,OLMo-2-1124-7B,1.7596
hun_Latn,OLMo-2-0425-1B,1.9194
hun_Latn,OLMo-2-1124-7B,1.9194
hye_Armn,OLMo-2-0425-1B,8.4067
hye_Armn,OLMo-2-1124-7B,8.4067
ibo_Latn,OLMo-2-0425-1B,2.2544
ibo_Latn,OLMo-2-1124-7B,2.2544
ind_Latn,OLMo-2-0425-1B,1.3219
ind_Latn,OLMo-2-1124-7B,1.3219
isl_Latn,OLMo-2-0425-1B,2.054
isl_Latn,OLMo-2-1124-7B,2.054
ita_Latn,OLMo-2-0425-1B,1.3157
ita_Latn,OLMo-2-1124-7B,1.3157
jpn_Jpan,OLMo-2-0425-1B,4.7947
jpn_Jpan,OLMo-2-1124-7B,4.7947
kan_Knda,OLMo-2-0425-1B,8.0789
kan_Knda,OLMo-2-1124-7B,8.0789
kat_Geor,OLMo-2-0425-1B,8.3474
kat_Geor,OLMo-2-1124-7B,8.3474
kaz_Cyrl,OLMo-2-0425-1B,3.4673
kaz_Cyrl,OLMo-2-1124-7B,3.4673
khk_Cyrl,OLMo-2-0425-1B,3.5425
khk_Cyrl,OLMo-2-1124-7B,3.5425
khm_Khmr,OLMo-2-0425-1B,7.0834
khm_Khmr,OLMo-2-1124-7B,7.0834
kin_Latn,OLMo-2-0425-1B,1.8158
kin_Latn,OLMo-2-1124-7B,1.8158
kir_Cyrl,OLMo-2-0425-1B,3.2266
kir_Cyrl,OLMo-2-1124-7B,3.2266
kor_Hang,OLMo-2-0425-1B,4.6943
kor_Hang,OLMo-2-1124-7B,4.6943
lao_Laoo,OLMo-2-0425-1B,8.8648
lao_Laoo,OLMo-2-1124-7B,8.8648
lit_Latn,OLMo-2-0425-1B,2.157
lit_Latn,OLMo-2-1124-7B,2.157
lvs_Latn,OLMo-2-0425-1B,2.2351
lvs_Latn,OLMo-2-1124-7B,2.2351
mal_Mlym,OLMo-2-0425-1B,7.615
mal_Mlym,OLMo-2-1124-7B,7.615
mar_Deva,OLMo-2-0425-1B,4.7653
mar_Deva,OLMo-2-1124-7B,4.7653
mkd_Cyrl,OLMo-2-0425-1B,2.5146
mkd_Cyrl,OLMo-2-1124-7B,2.5146
mlt_Latn,OLMo-2-0425-1B,2.0819
mlt_Latn,OLMo-2-1124-7B,2.0819
mri_Latn,OLMo-2-0425-1B,2.0217
mri_Latn,OLMo-2-1124-7B,2.0217
mya_Mymr,OLMo-2-0425-1B,9.2193
mya_Mymr,OLMo-2-1124-7B,9.2193
nld_Latn,OLMo-2-0425-1B,1.3539
nld_Latn,OLMo-2-1124-7B,1.3539
nob_Latn,OLMo-2-0425-1B,1.4896
nob_Latn,OLMo-2-1124-7B,1.4896
npi_Deva,OLMo-2-0425-1B,4.5657
npi_Deva,OLMo-2-1124-7B,4.5657
npi_Latn^,OLMo-2-0425-1B,4.5657
npi_Latn^,OLMo-2-1124-7B,4.5657
nso_Latn,OLMo-2-0425-1B,1.7333
nso_Latn,OLMo-2-1124-7B,1.7333
nya_Latn,OLMo-2-0425-1B,1.7784
nya_Latn,OLMo-2-1124-7B,1.7784
pan_Guru,OLMo-2-0425-1B,7.3922
pan_Guru,OLMo-2-1124-7B,7.3922
pbt_Arab,OLMo-2-0425-1B,3.9141
pbt_Arab,OLMo-2-1124-7B,3.9141
pes_Arab,OLMo-2-0425-1B,3.2702
pes_Arab,OLMo-2-1124-7B,3.2702
plt_Latn,OLMo-2-0425-1B,1.7663
plt_Latn,OLMo-2-1124-7B,1.7663
pol_Latn,OLMo-2-0425-1B,1.8515
pol_Latn,OLMo-2-1124-7B,1.8515
por_Latn,OLMo-2-0425-1B,1.3109
por_Latn,OLMo-2-1124-7B,1.3109
ron_Latn,OLMo-2-0425-1B,1.6005
ron_Latn,OLMo-2-1124-7B,1.6005
rus_Cyrl,OLMo-2-0425-1B,2.2871
rus_Cyrl,OLMo-2-1124-7B,2.2871
sin_Latn^,OLMo-2-0425-1B,8.1866
sin_Latn^,OLMo-2-1124-7B,8.1866
sin_Sinh,OLMo-2-0425-1B,8.1866
sin_Sinh,OLMo-2-1124-7B,8.1866
slk_Latn,OLMo-2-0425-1B,1.9858
slk_Latn,OLMo-2-1124-7B,1.9858
slv_Latn,OLMo-2-0425-1B,1.803
slv_Latn,OLMo-2-1124-7B,1.803
som_Latn,OLMo-2-0425-1B,1.7769
som_Latn,OLMo-2-1124-7B,1.7769
spa_Latn,OLMo-2-0425-1B,1.2507
spa_Latn,OLMo-2-1124-7B,1.2507
srp_Cyrl,OLMo-2-0425-1B,2.743
srp_Cyrl,OLMo-2-1124-7B,2.743
ssw_Latn,OLMo-2-0425-1B,1.8344
ssw_Latn,OLMo-2-1124-7B,1.8344
swe_Latn,OLMo-2-0425-1B,1.5056
swe_Latn,OLMo-2-1124-7B,1.5056
swh_Latn,OLMo-2-0425-1B,1.7574
swh_Latn,OLMo-2-1124-7B,1.7574
tam_Taml,OLMo-2-0425-1B,6.1222
tam_Taml,OLMo-2-1124-7B,6.1222
tel_Telu,OLMo-2-0425-1B,7.9996
tel_Telu,OLMo-2-1124-7B,7.9996
tha_Thai,OLMo-2-0425-1B,4.0847
tha_Thai,OLMo-2-1124-7B,4.0847
tir_Ethi,OLMo-2-0425-1B,10.556
tir_Ethi,OLMo-2-1124-7B,10.556
tsn_Latn,OLMo-2-0425-1B,1.7207
tsn_Latn,OLMo-2-1124-7B,1.7207
tur_Latn,OLMo-2-0425-1B,1.7281
tur_Latn,OLMo-2-1124-7B,1.7281
ukr_Cyrl,OLMo-2-0425-1B,2.7664
ukr_Cyrl,OLMo-2-1124-7B,2.7664
urd_Arab,OLMo-2-0425-1B,4.2191
urd_Arab,OLMo-2-1124-7B,4.2191
urd_Latn^,OLMo-2-0425-1B,4.2191
urd_Latn^,OLMo-2-1124-7B,4.2191
uzn_Latn,OLMo-2-0425-1B,1.8888
uzn_Latn,OLMo-2-1124-7B,1.8888
vie_Latn,OLMo-2-0425-1B,2.1646
vie_Latn,OLMo-2-1124-7B,2.1646
wol_Latn,OLMo-2-0425-1B,1.8578
wol_Latn,OLMo-2-1124-7B,1.8578
xho_Latn,OLMo-2-0425-1B,1.8546
xho_Latn,OLMo-2-1124-7B,1.8546
yor_Latn,OLMo-2-0425-1B,3.0247
yor_Latn,OLMo-2-1124-7B,3.0247
zho_Hans,OLMo-2-0425-1B,4.8381
zho_Hans,OLMo-2-1124-7B,4.8381
zho_Hant,OLMo-2-0425-1B,4.8381
zho_Hant,OLMo-2-1124-7B,4.8381
zsm_Latn,OLMo-2-0425-1B,1.3733
zsm_Latn,OLMo-2-1124-7B,1.3733
zul_Latn,OLMo-2-0425-1B,1.8171
zul_Latn,OLMo-2-1124-7B,1.8171
afr_Latn,Mistral-7B-v0.3,1.465
als_Latn,Mistral-7B-v0.3,1.9624
amh_Ethi,Mistral-7B-v0.3,9.2196
arb_Arab,Mistral-7B-v0.3,3.7678
arb_Latn,Mistral-7B-v0.3,3.7678
azj_Latn,Mistral-7B-v0.3,2.3203
ben_Beng,Mistral-7B-v0.3,4.7725
ben_Latn^,Mistral-7B-v0.3,4.7725
bod_Tibt,Mistral-7B-v0.3,5.8325
bul_Cyrl,Mistral-7B-v0.3,1.7556
cat_Latn,Mistral-7B-v0.3,1.3663
ces_Latn,Mistral-7B-v0.3,1.8581
dan_Latn,Mistral-7B-v0.3,1.5
deu_Latn,Mistral-7B-v0.3,1.3
ell_Grek,Mistral-7B-v0.3,4.0826
eng_Latn,Mistral-7B-v0.3,1.0
est_Latn,Mistral-7B-v0.3,1.7697
eus_Latn,Mistral-7B-v0.3,1.6714
fin_Latn,Mistral-7B-v0.3,1.7698
fra_Latn,Mistral-7B-v0.3,1.3019
gaz_Latn,Mistral-7B-v0.3,1.7989
guj_Gujr,Mistral-7B-v0.3,8.6059
hau_Latn,Mistral-7B-v0.3,1.7787
heb_Hebr,Mistral-7B-v0.3,4.0468
hin_Deva,Mistral-7B-v0.3,4.2653
hin_Latn^,Mistral-7B-v0.3,4.2653
hrv_Latn,Mistral-7B-v0.3,1.7132
hun_Latn,Mistral-7B-v0.3,1.7772
hye_Armn,Mistral-7B-v0.3,4.4773
ibo_Latn,Mistral-7B-v0.3,2.1585
ind_Latn,Mistral-7B-v0.3,1.6053
isl_Latn,Mistral-7B-v0.3,1.9896
ita_Latn,Mistral-7B-v0.3,1.275
jpn_Jpan,Mistral-7B-v0.3,4.4367
kan_Knda,Mistral-7B-v0.3,5.6977
kat_Geor,Mistral-7B-v0.3,4.1277
kaz_Cyrl,Mistral-7B-v0.3,2.4568
khk_Cyrl,Mistral-7B-v0.3,2.733
khm_Khmr,Mistral-7B-v0.3,4.8562
kin_Latn,Mistral-7B-v0.3,1.7929
kir_Cyrl,Mistral-7B-v0.3,2.4157
kor_Hang,Mistral-7B-v0.3,4.7549
lao_Laoo,Mistral-7B-v0.3,9.7567
lit_Latn,Mistral-7B-v0.3,1.9341
lvs_Latn,Mistral-7B-v0.3,2.0704
mal_Mlym,Mistral-7B-v0.3,9.1366
mar_Deva,Mistral-7B-v0.3,4.3281
mkd_Cyrl,Mistral-7B-v0.3,1.8058
mlt_Latn,Mistral-7B-v0.3,1.9464
mri_Latn,Mistral-7B-v0.3,1.9446
mya_Mymr,Mistral-7B-v0.3,7.485
nld_Latn,Mistral-7B-v0.3,1.3522
nob_Latn,Mistral-7B-v0.3,1.5038
npi_Deva,Mistral-7B-v0.3,4.182
npi_Latn^,Mistral-7B-v0.3,4.182
nso_Latn,Mistral-7B-v0.3,1.6827
nya_Latn,Mistral-7B-v0.3,1.7322
pan_Guru,Mistral-7B-v0.3,9.7603
pbt_Arab,Mistral-7B-v0.3,4.4362
pes_Arab,Mistral-7B-v0.3,4.004
plt_Latn,Mistral-7B-v0.3,1.7082
pol_Latn,Mistral-7B-v0.3,1.7959
por_Latn,Mistral-7B-v0.3,1.3473
ron_Latn,Mistral-7B-v0.3,1.5271
rus_Cyrl,Mistral-7B-v0.3,1.7156
sin_Latn^,Mistral-7B-v0.3,6.9151
sin_Sinh,Mistral-7B-v0.3,6.9151
slk_Latn,Mistral-7B-v0.3,1.8175
slv_Latn,Mistral-7B-v0.3,1.7043
som_Latn,Mistral-7B-v0.3,1.7756
spa_Latn,Mistral-7B-v0.3,1.2834
srp_Cyrl,Mistral-7B-v0.3,1.8288
ssw_Latn,Mistral-7B-v0.3,1.8037
swe_Latn,Mistral-7B-v0.3,1.448
swh_Latn,Mistral-7B-v0.3,1.7241
tam_Taml,Mistral-7B-v0.3,4.6357
tel_Telu,Mistral-7B-v0.3,6.8033
tha_Thai,Mistral-7B-v0.3,3.9367
tir_Ethi,Mistral-7B-v0.3,9.0785
tsn_Latn,Mistral-7B-v0.3,1.6608
tur_Latn,Mistral-7B-v0.3,1.988
ukr_Cyrl,Mistral-7B-v0.3,1.8431
urd_Arab,Mistral-7B-v0.3,4.1239
urd_Latn^,Mistral-7B-v0.3,4.1239
uzn_Latn,Mistral-7B-v0.3,1.778
vie_Latn,Mistral-7B-v0.3,2.5754
wol_Latn,Mistral-7B-v0.3,1.7926
xho_Latn,Mistral-7B-v0.3,1.8478
yor_Latn,Mistral-7B-v0.3,2.6017
zho_Hans,Mistral-7B-v0.3,4.1507
zho_Hant,Mistral-7B-v0.3,4.1507
zsm_Latn,Mistral-7B-v0.3,1.6127
zul_Latn,Mistral-7B-v0.3,1.8138
afr_Latn,bloom-1b7,1.5183
afr_Latn,bloom-7b1,1.5183
als_Latn,bloom-1b7,1.8128
als_Latn,bloom-7b1,1.8128
amh_Ethi,bloom-1b7,7.2607
amh_Ethi,bloom-7b1,7.2607
arb_Arab,bloom-1b7,1.2181
arb_Arab,bloom-7b1,1.2181
arb_Latn,bloom-1b7,1.2181
arb_Latn,bloom-7b1,1.2181
azj_Latn,bloom-1b7,1.9969
azj_Latn,bloom-7b1,1.9969
ben_Beng,bloom-1b7,1.2106
ben_Beng,bloom-7b1,1.2106
ben_Latn^,bloom-1b7,1.2106
ben_Latn^,bloom-7b1,1.2106
bod_Tibt,bloom-1b7,5.452
bod_Tibt,bloom-7b1,5.452
bul_Cyrl,bloom-1b7,2.2848
bul_Cyrl,bloom-7b1,2.2848
cat_Latn,bloom-1b7,1.0421
cat_Latn,bloom-7b1,1.0421
ces_Latn,bloom-1b7,2.0292
ces_Latn,bloom-7b1,2.0292
dan_Latn,bloom-1b7,1.5482
dan_Latn,bloom-7b1,1.5482
deu_Latn,bloom-1b7,1.4099
deu_Latn,bloom-7b1,1.4099
ell_Grek,bloom-1b7,2.9728
ell_Grek,bloom-7b1,2.9728
eng_Latn,bloom-1b7,1.0
eng_Latn,bloom-7b1,1.0
est_Latn,bloom-1b7,1.7028
est_Latn,bloom-7b1,1.7028
eus_Latn,bloom-1b7,1.0313
eus_Latn,bloom-7b1,1.0313
fin_Latn,bloom-1b7,1.6705
fin_Latn,bloom-7b1,1.6705
fra_Latn,bloom-1b7,1.0153
fra_Latn,bloom-7b1,1.0153
gaz_Latn,bloom-1b7,1.6932
gaz_Latn,bloom-7b1,1.6932
guj_Gujr,bloom-1b7,1.352
guj_Gujr,bloom-7b1,1.352
hau_Latn,bloom-1b7,1.6313
hau_Latn,bloom-7b1,1.6313
heb_Hebr,bloom-1b7,3.4849
heb_Hebr,bloom-7b1,3.4849
hin_Deva,bloom-1b7,1.2613
hin_Deva,bloom-7b1,1.2613
hin_Latn^,bloom-1b7,1.2613
hin_Latn^,bloom-7b1,1.2613
hrv_Latn,bloom-1b7,1.7581
hrv_Latn,bloom-7b1,1.7581
hun_Latn,bloom-1b7,1.8404
hun_Latn,bloom-7b1,1.8404
hye_Armn,bloom-1b7,3.7045
hye_Armn,bloom-7b1,3.7045
ibo_Latn,bloom-1b7,1.5724
ibo_Latn,bloom-7b1,1.5724
ind_Latn,bloom-1b7,0.8461
ind_Latn,bloom-7b1,0.8461
isl_Latn,bloom-1b7,1.9114
isl_Latn,bloom-7b1,1.9114
ita_Latn,bloom-1b7,1.2931
ita_Latn,bloom-7b1,1.2931
jpn_Jpan,bloom-1b7,3.9055
jpn_Jpan,bloom-7b1,3.9055
kan_Knda,bloom-1b7,1.197
kan_Knda,bloom-7b1,1.197
kat_Geor,bloom-1b7,4.2148
kat_Geor,bloom-7b1,4.2148
kaz_Cyrl,bloom-1b7,2.9647
kaz_Cyrl,bloom-7b1,2.9647
khk_Cyrl,bloom-1b7,3.1115
khk_Cyrl,bloom-7b1,3.1115
khm_Khmr,bloom-1b7,5.0014
khm_Khmr,bloom-7b1,5.0014
kin_Latn,bloom-1b7,1.3223
kin_Latn,bloom-7b1,1.3223
kir_Cyrl,bloom-1b7,2.7978
kir_Cyrl,bloom-7b1,2.7978
kor_Hang,bloom-1b7,5.3954
kor_Hang,bloom-7b1,5.3954
lao_Laoo,bloom-1b7,7.986
lao_Laoo,bloom-7b1,7.986
lit_Latn,bloom-1b7,1.8931
lit_Latn,bloom-7b1,1.8931
lvs_Latn,bloom-1b7,1.9751
lvs_Latn,bloom-7b1,1.9751
mal_Mlym,bloom-1b7,1.1939
mal_Mlym,bloom-7b1,1.1939
mar_Deva,bloom-1b7,1.1994
mar_Deva,bloom-7b1,1.1994
mkd_Cyrl,bloom-1b7,2.2529
mkd_Cyrl,bloom-7b1,2.2529
mlt_Latn,bloom-1b7,1.9665
mlt_Latn,bloom-7b1,1.9665
mri_Latn,bloom-1b7,1.8075
mri_Latn,bloom-7b1,1.8075
mya_Mymr,bloom-1b7,8.5236
mya_Mymr,bloom-7b1,8.5236
nld_Latn,bloom-1b7,1.4488
nld_Latn,bloom-7b1,1.4488
nob_Latn,bloom-1b7,1.5488
nob_Latn,bloom-7b1,1.5488
npi_Deva,bloom-1b7,1.1422
npi_Deva,bloom-7b1,1.1422
npi_Latn^,bloom-1b7,1.1422
npi_Latn^,bloom-7b1,1.1422
nso_Latn,bloom-1b7,1.5519
nso_Latn,bloom-7b1,1.5519
nya_Latn,bloom-1b7,1.5101
nya_Latn,bloom-7b1,1.5101
pan_Guru,bloom-1b7,1.3677
pan_Guru,bloom-7b1,1.3677
pbt_Arab,bloom-1b7,2.6877
pbt_Arab,bloom-7b1,2.6877
pes_Arab,bloom-1b7,1.7821
pes_Arab,bloom-7b1,1.7821
plt_Latn,bloom-1b7,1.6069
plt_Latn,bloom-7b1,1.6069
pol_Latn,bloom-1b7,2.0183
pol_Latn,bloom-7b1,2.0183
por_Latn,bloom-1b7,1.0141
por_Latn,bloom-7b1,1.0141
ron_Latn,bloom-1b7,1.6284
ron_Latn,bloom-7b1,1.6284
rus_Cyrl,bloom-1b7,2.2388
rus_Cyrl,bloom-7b1,2.2388
sin_Latn^,bloom-1b7,7.5809
sin_Latn^,bloom-7b1,7.5809
sin_Sinh,bloom-1b7,7.5809
sin_Sinh,bloom-7b1,7.5809
slk_Latn,bloom-1b7,1.8798
slk_Latn,bloom-7b1,1.8798
slv_Latn,bloom-1b7,1.7412
slv_Latn,bloom-7b1,1.7412
som_Latn,bloom-1b7,1.6694
som_Latn,bloom-7b1,1.6694
spa_Latn,bloom-1b7,0.9971
spa_Latn,bloom-7b1,0.9971
srp_Cyrl,bloom-1b7,2.4338
srp_Cyrl,bloom-7b1,2.4338
ssw_Latn,bloom-1b7,1.5602
ssw_Latn,bloom-7b1,1.5602
swe_Latn,bloom-1b7,1.5766
swe_Latn,bloom-7b1,1.5766
swh_Latn,bloom-1b7,1.0901
swh_Latn,bloom-7b1,1.0901
tam_Taml,bloom-1b7,1.0547
tam_Taml,bloom-7b1,1.0547
tel_Telu,bloom-1b7,1.2417
tel_Telu,bloom-7b1,1.2417
tha_Thai,bloom-1b7,4.3353
tha_Thai,bloom-7b1,4.3353
tir_Ethi,bloom-1b7,6.9418
tir_Ethi,bloom-7b1,6.9418
tsn_Latn,bloom-1b7,1.5272
tsn_Latn,bloom-7b1,1.5272
tur_Latn,bloom-1b7,1.7719
tur_Latn,bloom-7b1,1.7719
ukr_Cyrl,bloom-1b7,2.5494
ukr_Cyrl,bloom-7b1,2.5494
urd_Arab,bloom-1b7,1.3231
urd_Arab,bloom-7b1,1.3231
urd_Latn^,bloom-1b7,1.3231
urd_Latn^,bloom-7b1,1.3231
uzn_Latn,bloom-1b7,1.7097
uzn_Latn,bloom-7b1,1.7097
vie_Latn,bloom-1b7,1.1413
vie_Latn,bloom-7b1,1.1413
wol_Latn,bloom-1b7,1.6487
wol_Latn,bloom-7b1,1.6487
xho_Latn,bloom-1b7,1.5398
xho_Latn,bloom-7b1,1.5398
yor_Latn,bloom-1b7,2.2114
yor_Latn,bloom-7b1,2.2114
zho_Hans,bloom-1b7,2.5662
zho_Hans,bloom-7b1,2.5662
zho_Hant,bloom-1b7,2.5662
zho_Hant,bloom-7b1,2.5662
zsm_Latn,bloom-1b7,0.9466
zsm_Latn,bloom-7b1,0.9466
zul_Latn,bloom-1b7,1.5122
zul_Latn,bloom-7b1,1.5122
afr_Latn,EuroLLM-1.7B,1.2458
als_Latn,EuroLLM-1.7B,1.7587
amh_Ethi,EuroLLM-1.7B,11.091
arb_Arab,EuroLLM-1.7B,1.5275
arb_Latn,EuroLLM-1.7B,1.5275
azj_Latn,EuroLLM-1.7B,1.8967
ben_Beng,EuroLLM-1.7B,5.7863
ben_Latn^,EuroLLM-1.7B,5.7863
bod_Tibt,EuroLLM-1.7B,9.8607
bul_Cyrl,EuroLLM-1.7B,1.2658
cat_Latn,EuroLLM-1.7B,1.1852
ces_Latn,EuroLLM-1.7B,1.4583
dan_Latn,EuroLLM-1.7B,1.1776
deu_Latn,EuroLLM-1.7B,1.0169
ell_Grek,EuroLLM-1.7B,1.3918
eng_Latn,EuroLLM-1.7B,1.0
est_Latn,EuroLLM-1.7B,1.2586
eus_Latn,EuroLLM-1.7B,1.4877
fin_Latn,EuroLLM-1.7B,1.2058
fra_Latn,EuroLLM-1.7B,1.1156
gaz_Latn,EuroLLM-1.7B,1.6035
guj_Gujr,EuroLLM-1.7B,10.1765
hau_Latn,EuroLLM-1.7B,1.6503
heb_Hebr,EuroLLM-1.7B,4.1431
hin_Deva,EuroLLM-1.7B,1.5511
hin_Latn^,EuroLLM-1.7B,1.5511
hrv_Latn,EuroLLM-1.7B,1.2366
hun_Latn,EuroLLM-1.7B,1.2629
hye_Armn,EuroLLM-1.7B,5.2254
ibo_Latn,EuroLLM-1.7B,2.1052
ind_Latn,EuroLLM-1.7B,1.4122
isl_Latn,EuroLLM-1.7B,1.7853
ita_Latn,EuroLLM-1.7B,0.9742
jpn_Jpan,EuroLLM-1.7B,2.7131
kan_Knda,EuroLLM-1.7B,11.511
kat_Geor,EuroLLM-1.7B,4.753
kaz_Cyrl,EuroLLM-1.7B,2.2464
khk_Cyrl,EuroLLM-1.7B,2.4459
khm_Khmr,EuroLLM-1.7B,9.8175
kin_Latn,EuroLLM-1.7B,1.6368
kir_Cyrl,EuroLLM-1.7B,2.1535
kor_Hang,EuroLLM-1.7B,2.4424
lao_Laoo,EuroLLM-1.7B,11.1009
lit_Latn,EuroLLM-1.7B,1.3047
lvs_Latn,EuroLLM-1.7B,1.3953
mal_Mlym,EuroLLM-1.7B,10.6542
mar_Deva,EuroLLM-1.7B,2.0177
mkd_Cyrl,EuroLLM-1.7B,1.5664
mlt_Latn,EuroLLM-1.7B,1.4396
mri_Latn,EuroLLM-1.7B,1.7361
mya_Mymr,EuroLLM-1.7B,11.58
nld_Latn,EuroLLM-1.7B,1.0172
nob_Latn,EuroLLM-1.7B,1.1685
npi_Deva,EuroLLM-1.7B,1.8958
npi_Latn^,EuroLLM-1.7B,1.8958
nso_Latn,EuroLLM-1.7B,1.5503
nya_Latn,EuroLLM-1.7B,1.5625
pan_Guru,EuroLLM-1.7B,10.9248
pbt_Arab,EuroLLM-1.7B,3.3186
pes_Arab,EuroLLM-1.7B,2.5935
plt_Latn,EuroLLM-1.7B,1.5625
pol_Latn,EuroLLM-1.7B,1.3636
por_Latn,EuroLLM-1.7B,1.029
ron_Latn,EuroLLM-1.7B,1.1933
rus_Cyrl,EuroLLM-1.7B,1.1894
sin_Latn^,EuroLLM-1.7B,10.9055
sin_Sinh,EuroLLM-1.7B,10.9055
slk_Latn,EuroLLM-1.7B,1.2619
slv_Latn,EuroLLM-1.7B,1.2411
som_Latn,EuroLLM-1.7B,1.6397
spa_Latn,EuroLLM-1.7B,1.0247
srp_Cyrl,EuroLLM-1.7B,1.8069
ssw_Latn,EuroLLM-1.7B,1.6339
swe_Latn,EuroLLM-1.7B,1.1856
swh_Latn,EuroLLM-1.7B,1.5312
tam_Taml,EuroLLM-1.7B,6.4096
tel_Telu,EuroLLM-1.7B,9.3212
tha_Thai,EuroLLM-1.7B,4.6693
tir_Ethi,EuroLLM-1.7B,10.6227
tsn_Latn,EuroLLM-1.7B,1.541
tur_Latn,EuroLLM-1.7B,1.1797
ukr_Cyrl,EuroLLM-1.7B,1.3911
urd_Arab,EuroLLM-1.7B,3.6226
urd_Latn^,EuroLLM-1.7B,3.6226
uzn_Latn,EuroLLM-1.7B,1.6324
vie_Latn,EuroLLM-1.7B,2.7007
wol_Latn,EuroLLM-1.7B,1.6666
xho_Latn,EuroLLM-1.7B,1.6941
yor_Latn,EuroLLM-1.7B,2.7445
zho_Hans,EuroLLM-1.7B,3.3334
zho_Hant,EuroLLM-1.7B,3.3334
zsm_Latn,EuroLLM-1.7B,1.4229
zul_Latn,EuroLLM-1.7B,1.6439
afr_Latn,SmolLM2-1.7B,1.7021
als_Latn,SmolLM2-1.7B,2.1651
amh_Ethi,SmolLM2-1.7B,10.9377
arb_Arab,SmolLM2-1.7B,4.3379
arb_Latn,SmolLM2-1.7B,4.3379
azj_Latn,SmolLM2-1.7B,2.5151
ben_Beng,SmolLM2-1.7B,8.3417
ben_Latn^,SmolLM2-1.7B,8.3417
bod_Tibt,SmolLM2-1.7B,10.1883
bul_Cyrl,SmolLM2-1.7B,3.3847
cat_Latn,SmolLM2-1.7B,1.561
ces_Latn,SmolLM2-1.7B,2.4253
dan_Latn,SmolLM2-1.7B,1.724
deu_Latn,SmolLM2-1.7B,1.705
ell_Grek,SmolLM2-1.7B,3.706
eng_Latn,SmolLM2-1.7B,1.0
est_Latn,SmolLM2-1.7B,1.961
eus_Latn,SmolLM2-1.7B,1.8232
fin_Latn,SmolLM2-1.7B,1.9839
fra_Latn,SmolLM2-1.7B,1.5494
gaz_Latn,SmolLM2-1.7B,1.9275
guj_Gujr,SmolLM2-1.7B,11.9871
hau_Latn,SmolLM2-1.7B,1.9038
heb_Hebr,SmolLM2-1.7B,4.7508
hin_Deva,SmolLM2-1.7B,4.7998
hin_Latn^,SmolLM2-1.7B,4.7998
hrv_Latn,SmolLM2-1.7B,1.9876
hun_Latn,SmolLM2-1.7B,2.2792
hye_Armn,SmolLM2-1.7B,8.1973
ibo_Latn,SmolLM2-1.7B,2.7125
ind_Latn,SmolLM2-1.7B,1.6717
isl_Latn,SmolLM2-1.7B,2.2748
ita_Latn,SmolLM2-1.7B,1.525
jpn_Jpan,SmolLM2-1.7B,7.574
kan_Knda,SmolLM2-1.7B,12.2679
kat_Geor,SmolLM2-1.7B,8.148
kaz_Cyrl,SmolLM2-1.7B,4.0549
khk_Cyrl,SmolLM2-1.7B,4.4845
khm_Khmr,SmolLM2-1.7B,9.1233
kin_Latn,SmolLM2-1.7B,1.9378
kir_Cyrl,SmolLM2-1.7B,3.9591
kor_Hang,SmolLM2-1.7B,9.2384
lao_Laoo,SmolLM2-1.7B,11.7937
lit_Latn,SmolLM2-1.7B,2.2922
lvs_Latn,SmolLM2-1.7B,2.3249
mal_Mlym,SmolLM2-1.7B,9.8331
mar_Deva,SmolLM2-1.7B,5.1509
mkd_Cyrl,SmolLM2-1.7B,3.3697
mlt_Latn,SmolLM2-1.7B,2.2388
mri_Latn,SmolLM2-1.7B,2.0449
mya_Mymr,SmolLM2-1.7B,12.6398
nld_Latn,SmolLM2-1.7B,1.6266
nob_Latn,SmolLM2-1.7B,1.7384
npi_Deva,SmolLM2-1.7B,4.9684
npi_Latn^,SmolLM2-1.7B,4.9684
nso_Latn,SmolLM2-1.7B,1.7841
nya_Latn,SmolLM2-1.7B,1.8588
pan_Guru,SmolLM2-1.7B,7.9751
pbt_Arab,SmolLM2-1.7B,5.0026
pes_Arab,SmolLM2-1.7B,4.551
plt_Latn,SmolLM2-1.7B,1.865
pol_Latn,SmolLM2-1.7B,2.3802
por_Latn,SmolLM2-1.7B,1.6192
ron_Latn,SmolLM2-1.7B,1.935
rus_Cyrl,SmolLM2-1.7B,3.463
sin_Latn^,SmolLM2-1.7B,11.6228
sin_Sinh,SmolLM2-1.7B,11.6228
slk_Latn,SmolLM2-1.7B,2.2127
slv_Latn,SmolLM2-1.7B,1.9513
som_Latn,SmolLM2-1.7B,1.8966
spa_Latn,SmolLM2-1.7B,1.5328
srp_Cyrl,SmolLM2-1.7B,3.6305
ssw_Latn,SmolLM2-1.7B,1.9332
swe_Latn,SmolLM2-1.7B,1.8109
swh_Latn,SmolLM2-1.7B,1.8768
tam_Taml,SmolLM2-1.7B,7.6241
tel_Telu,SmolLM2-1.7B,12.2036
tha_Thai,SmolLM2-1.7B,7.6953
tir_Ethi,SmolLM2-1.7B,10.3708
tsn_Latn,SmolLM2-1.7B,1.7812
tur_Latn,SmolLM2-1.7B,2.1623
ukr_Cyrl,SmolLM2-1.7B,3.6423
urd_Arab,SmolLM2-1.7B,5.3802
urd_Latn^,SmolLM2-1.7B,5.3802
uzn_Latn,SmolLM2-1.7B,1.9031
vie_Latn,SmolLM2-1.7B,3.3841
wol_Latn,SmolLM2-1.7B,1.9477
xho_Latn,SmolLM2-1.7B,1.9778
yor_Latn,SmolLM2-1.7B,3.6949
zho_Hans,SmolLM2-1.7B,6.9495
zho_Hant,SmolLM2-1.7B,6.9495
zsm_Latn,SmolLM2-1.7B,1.6711
zul_Latn,SmolLM2-1.7B,1.939
afr_Latn,Falcon3-7B-Base,1.6107
als_Latn,Falcon3-7B-Base,2.0329
amh_Ethi,Falcon3-7B-Base,8.7125
arb_Arab,Falcon3-7B-Base,3.6352
arb_Latn,Falcon3-7B-Base,3.6352
azj_Latn,Falcon3-7B-Base,2.4599
ben_Beng,Falcon3-7B-Base,6.6116
ben_Latn^,Falcon3-7B-Base,6.6116
bod_Tibt,Falcon3-7B-Base,13.3317
bul_Cyrl,Falcon3-7B-Base,3.8464
cat_Latn,Falcon3-7B-Base,1.3955
ces_Latn,Falcon3-7B-Base,2.2327
dan_Latn,Falcon3-7B-Base,1.6146
deu_Latn,Falcon3-7B-Base,1.5468
ell_Grek,Falcon3-7B-Base,4.0475
eng_Latn,Falcon3-7B-Base,1.0
est_Latn,Falcon3-7B-Base,1.8547
eus_Latn,Falcon3-7B-Base,1.6635
fin_Latn,Falcon3-7B-Base,1.8271
fra_Latn,Falcon3-7B-Base,1.1582
gaz_Latn,Falcon3-7B-Base,1.7896
guj_Gujr,Falcon3-7B-Base,9.406
hau_Latn,Falcon3-7B-Base,1.7678
heb_Hebr,Falcon3-7B-Base,3.8586
hin_Deva,Falcon3-7B-Base,4.546
hin_Latn^,Falcon3-7B-Base,4.546
hrv_Latn,Falcon3-7B-Base,1.845
hun_Latn,Falcon3-7B-Base,2.0912
hye_Armn,Falcon3-7B-Base,7.83
ibo_Latn,Falcon3-7B-Base,2.5562
ind_Latn,Falcon3-7B-Base,1.5172
isl_Latn,Falcon3-7B-Base,2.1189
ita_Latn,Falcon3-7B-Base,1.2913
jpn_Jpan,Falcon3-7B-Base,6.0826
kan_Knda,Falcon3-7B-Base,11.97
kat_Geor,Falcon3-7B-Base,8.3223
kaz_Cyrl,Falcon3-7B-Base,4.3596
khk_Cyrl,Falcon3-7B-Base,4.7379
khm_Khmr,Falcon3-7B-Base,9.3076
kin_Latn,Falcon3-7B-Base,1.7943
kir_Cyrl,Falcon3-7B-Base,4.2624
kor_Hang,Falcon3-7B-Base,7.2379
lao_Laoo,Falcon3-7B-Base,8.826
lit_Latn,Falcon3-7B-Base,2.1121
lvs_Latn,Falcon3-7B-Base,2.2543
mal_Mlym,Falcon3-7B-Base,8.7818
mar_Deva,Falcon3-7B-Base,4.9844
mkd_Cyrl,Falcon3-7B-Base,4.0121
mlt_Latn,Falcon3-7B-Base,2.1601
mri_Latn,Falcon3-7B-Base,1.942
mya_Mymr,Falcon3-7B-Base,9.1527
nld_Latn,Falcon3-7B-Base,1.4967
nob_Latn,Falcon3-7B-Base,1.5996
npi_Deva,Falcon3-7B-Base,4.8086
npi_Latn^,Falcon3-7B-Base,4.8086
nso_Latn,Falcon3-7B-Base,1.7086
nya_Latn,Falcon3-7B-Base,1.7528
pan_Guru,Falcon3-7B-Base,8.2654
pbt_Arab,Falcon3-7B-Base,4.1994
pes_Arab,Falcon3-7B-Base,3.7501
plt_Latn,Falcon3-7B-Base,1.7124
pol_Latn,Falcon3-7B-Base,2.2352
por_Latn,Falcon3-7B-Base,1.1616
ron_Latn,Falcon3-7B-Base,1.7222
rus_Cyrl,Falcon3-7B-Base,3.9509
sin_Latn^,Falcon3-7B-Base,11.1584
sin_Sinh,Falcon3-7B-Base,11.1584
slk_Latn,Falcon3-7B-Base,2.0978
slv_Latn,Falcon3-7B-Base,1.8414
som_Latn,Falcon3-7B-Base,1.7572
spa_Latn,Falcon3-7B-Base,1.14
srp_Cyrl,Falcon3-7B-Base,4.0902
ssw_Latn,Falcon3-7B-Base,1.8246
swe_Latn,Falcon3-7B-Base,1.6779
swh_Latn,Falcon3-7B-Base,1.7245
tam_Taml,Falcon3-7B-Base,6.8074
tel_Telu,Falcon3-7B-Base,8.0251
tha_Thai,Falcon3-7B-Base,6.2534
tir_Ethi,Falcon3-7B-Base,8.2985
tsn_Latn,Falcon3-7B-Base,1.7036
tur_Latn,Falcon3-7B-Base,2.0344
ukr_Cyrl,Falcon3-7B-Base,4.2166
urd_Arab,Falcon3-7B-Base,4.4813
urd_Latn^,Falcon3-7B-Base,4.4813
uzn_Latn,Falcon3-7B-Base,1.8301
vie_Latn,Falcon3-7B-Base,2.907
wol_Latn,Falcon3-7B-Base,1.842
xho_Latn,Falcon3-7B-Base,1.8573
yor_Latn,Falcon3-7B-Base,3.3154
zho_Hans,Falcon3-7B-Base,5.2566
zho_Hant,Falcon3-7B-Base,5.2566
zsm_Latn,Falcon3-7B-Base,1.5361
zul_Latn,Falcon3-7B-Base,1.8041
afr_Latn,salamandra-2b,1.1984
afr_Latn,salamandra-7b,1.1984
als_Latn,salamandra-2b,1.6762
als_Latn,salamandra-7b,1.6762
amh_Ethi,salamandra-2b,11.0
amh_Ethi,salamandra-7b,11.0
arb_Arab,salamandra-2b,7.0591
arb_Arab,salamandra-7b,7.0591
arb_Latn,salamandra-2b,7.0591
arb_Latn,salamandra-7b,7.0591
azj_Latn,salamandra-2b,2.5803
azj_Latn,salamandra-7b,2.5803
ben_Beng,salamandra-2b,11.3257
ben_Beng,salamandra-7b,11.3257
ben_Latn^,salamandra-2b,11.3257
ben_Latn^,salamandra-7b,11.3257
bod_Tibt,salamandra-2b,12.216
bod_Tibt,salamandra-7b,12.216
bul_Cyrl,salamandra-2b,1.0608
bul_Cyrl,salamandra-7b,1.0608
cat_Latn,salamandra-2b,1.046
cat_Latn,salamandra-7b,1.046
ces_Latn,salamandra-2b,1.1655
ces_Latn,salamandra-7b,1.1655
dan_Latn,salamandra-2b,1.0255
dan_Latn,salamandra-7b,1.0255
deu_Latn,salamandra-2b,0.9779
deu_Latn,salamandra-7b,0.9779
ell_Grek,salamandra-2b,1.0844
ell_Grek,salamandra-7b,1.0844
eng_Latn,salamandra-2b,1.0
eng_Latn,salamandra-7b,1.0
est_Latn,salamandra-2b,1.0506
est_Latn,salamandra-7b,1.0506
eus_Latn,salamandra-2b,0.9308
eus_Latn,salamandra-7b,0.9308
fin_Latn,salamandra-2b,0.995
fin_Latn,salamandra-7b,0.995
fra_Latn,salamandra-2b,1.0887
fra_Latn,salamandra-7b,1.0887
gaz_Latn,salamandra-2b,1.4954
gaz_Latn,salamandra-7b,1.4954
guj_Gujr,salamandra-2b,11.1886
guj_Gujr,salamandra-7b,11.1886
hau_Latn,salamandra-2b,1.572
hau_Latn,salamandra-7b,1.572
heb_Hebr,salamandra-2b,7.2925
heb_Hebr,salamandra-7b,7.2925
hin_Deva,salamandra-2b,10.5921
hin_Deva,salamandra-7b,10.5921
hin_Latn^,salamandra-2b,10.5921
hin_Latn^,salamandra-7b,10.5921
hrv_Latn,salamandra-2b,0.9934
hrv_Latn,salamandra-7b,0.9934
hun_Latn,salamandra-2b,1.1512
hun_Latn,salamandra-7b,1.1512
hye_Armn,salamandra-2b,7.6473
hye_Armn,salamandra-7b,7.6473
ibo_Latn,salamandra-2b,2.8091
ibo_Latn,salamandra-7b,2.8091
ind_Latn,salamandra-2b,1.3328
ind_Latn,salamandra-7b,1.3328
isl_Latn,salamandra-2b,1.681
isl_Latn,salamandra-7b,1.681
ita_Latn,salamandra-2b,0.9546
ita_Latn,salamandra-7b,0.9546
jpn_Jpan,salamandra-2b,11.6856
jpn_Jpan,salamandra-7b,11.6856
kan_Knda,salamandra-2b,11.4753
kan_Knda,salamandra-7b,11.4753
kat_Geor,salamandra-2b,11.0643
kat_Geor,salamandra-7b,11.0643
kaz_Cyrl,salamandra-2b,2.3945
kaz_Cyrl,salamandra-7b,2.3945
khk_Cyrl,salamandra-2b,2.5557
khk_Cyrl,salamandra-7b,2.5557
khm_Khmr,salamandra-2b,11.439
khm_Khmr,salamandra-7b,11.439
kin_Latn,salamandra-2b,1.5569
kin_Latn,salamandra-7b,1.5569
kir_Cyrl,salamandra-2b,2.2448
kir_Cyrl,salamandra-7b,2.2448
kor_Hang,salamandra-2b,10.2019
kor_Hang,salamandra-7b,10.2019
lao_Laoo,salamandra-2b,10.9973
lao_Laoo,salamandra-7b,10.9973
lit_Latn,salamandra-2b,1.0555
lit_Latn,salamandra-7b,1.0555
lvs_Latn,salamandra-2b,1.1257
lvs_Latn,salamandra-7b,1.1257
mal_Mlym,salamandra-2b,11.7708
mal_Mlym,salamandra-7b,11.7708
mar_Deva,salamandra-2b,11.2092
mar_Deva,salamandra-7b,11.2092
mkd_Cyrl,salamandra-2b,1.3327
mkd_Cyrl,salamandra-7b,1.3327
mlt_Latn,salamandra-2b,1.2252
mlt_Latn,salamandra-7b,1.2252
mri_Latn,salamandra-2b,1.6729
mri_Latn,salamandra-7b,1.6729
mya_Mymr,salamandra-2b,12.0769
mya_Mymr,salamandra-7b,12.0769
nld_Latn,salamandra-2b,0.9794
nld_Latn,salamandra-7b,0.9794
nob_Latn,salamandra-2b,1.011
nob_Latn,salamandra-7b,1.011
npi_Deva,salamandra-2b,10.7609
npi_Deva,salamandra-7b,10.7609
npi_Latn^,salamandra-2b,10.7609
npi_Latn^,salamandra-7b,10.7609
nso_Latn,salamandra-2b,1.4483
nso_Latn,salamandra-7b,1.4483
nya_Latn,salamandra-2b,1.4674
nya_Latn,salamandra-7b,1.4674
pan_Guru,salamandra-2b,10.8518
pan_Guru,salamandra-7b,10.8518
pbt_Arab,salamandra-2b,7.1641
pbt_Arab,salamandra-7b,7.1641
pes_Arab,salamandra-2b,6.877
pes_Arab,salamandra-7b,6.877
plt_Latn,salamandra-2b,1.4987
plt_Latn,salamandra-7b,1.4987
pol_Latn,salamandra-2b,1.2014
pol_Latn,salamandra-7b,1.2014
por_Latn,salamandra-2b,0.9898
por_Latn,salamandra-7b,0.9898
ron_Latn,salamandra-2b,1.0331
ron_Latn,salamandra-7b,1.0331
rus_Cyrl,salamandra-2b,1.0878
rus_Cyrl,salamandra-7b,1.0878
sin_Latn^,salamandra-2b,10.873
sin_Latn^,salamandra-7b,10.873
sin_Sinh,salamandra-2b,10.873
sin_Sinh,salamandra-7b,10.873
slk_Latn,salamandra-2b,1.0963
slk_Latn,salamandra-7b,1.0963
slv_Latn,salamandra-2b,1.0457
slv_Latn,salamandra-7b,1.0457
som_Latn,salamandra-2b,1.5545
som_Latn,salamandra-7b,1.5545
spa_Latn,salamandra-2b,0.9846
spa_Latn,salamandra-7b,0.9846
srp_Cyrl,salamandra-2b,1.1932
srp_Cyrl,salamandra-7b,1.1932
ssw_Latn,salamandra-2b,1.5708
ssw_Latn,salamandra-7b,1.5708
swe_Latn,salamandra-2b,1.019
swe_Latn,salamandra-7b,1.019
swh_Latn,salamandra-2b,1.4659
swh_Latn,salamandra-7b,1.4659
tam_Taml,salamandra-2b,11.3061
tam_Taml,salamandra-7b,11.3061
tel_Telu,salamandra-2b,11.4316
tel_Telu,salamandra-7b,11.4316
tha_Thai,salamandra-2b,11.2672
tha_Thai,salamandra-7b,11.2672
tir_Ethi,salamandra-2b,10.5353
tir_Ethi,salamandra-7b,10.5353
tsn_Latn,salamandra-2b,1.4661
tsn_Latn,salamandra-7b,1.4661
tur_Latn,salamandra-2b,1.9058
tur_Latn,salamandra-7b,1.9058
ukr_Cyrl,salamandra-2b,1.1426
ukr_Cyrl,salamandra-7b,1.1426
urd_Arab,salamandra-2b,7.0461
urd_Arab,salamandra-7b,7.0461
urd_Latn^,salamandra-2b,7.0461
urd_Latn^,salamandra-7b,7.0461
uzn_Latn,salamandra-2b,1.5979
uzn_Latn,salamandra-7b,1.5979
vie_Latn,salamandra-2b,3.2591
vie_Latn,salamandra-7b,3.2591
wol_Latn,salamandra-2b,1.5901
wol_Latn,salamandra-7b,1.5901
xho_Latn,salamandra-2b,1.6409
xho_Latn,salamandra-7b,1.6409
yor_Latn,salamandra-2b,3.3715
yor_Latn,salamandra-7b,3.3715
zho_Hans,salamandra-2b,9.5686
zho_Hans,salamandra-7b,9.5686
zho_Hant,salamandra-2b,9.5686
zho_Hant,salamandra-7b,9.5686
zsm_Latn,salamandra-2b,1.3467
zsm_Latn,salamandra-7b,1.3467
zul_Latn,salamandra-2b,1.5714
zul_Latn,salamandra-7b,1.5714
afr_Latn,granite-3.1-8b-base,1.4448
als_Latn,granite-3.1-8b-base,1.8249
amh_Ethi,granite-3.1-8b-base,9.142
arb_Arab,granite-3.1-8b-base,2.8925
arb_Latn,granite-3.1-8b-base,2.8925
azj_Latn,granite-3.1-8b-base,1.9498
ben_Beng,granite-3.1-8b-base,3.5987
ben_Latn^,granite-3.1-8b-base,3.5987
bod_Tibt,granite-3.1-8b-base,10.9945
bul_Cyrl,granite-3.1-8b-base,2.0638
cat_Latn,granite-3.1-8b-base,1.3397
ces_Latn,granite-3.1-8b-base,1.7557
dan_Latn,granite-3.1-8b-base,1.4501
deu_Latn,granite-3.1-8b-base,1.3487
ell_Grek,granite-3.1-8b-base,3.3495
eng_Latn,granite-3.1-8b-base,1.0
est_Latn,granite-3.1-8b-base,1.6449
eus_Latn,granite-3.1-8b-base,1.5331
fin_Latn,granite-3.1-8b-base,1.6693
fra_Latn,granite-3.1-8b-base,1.34
gaz_Latn,granite-3.1-8b-base,1.6428
guj_Gujr,granite-3.1-8b-base,10.1093
hau_Latn,granite-3.1-8b-base,1.6553
heb_Hebr,granite-3.1-8b-base,3.2181
hin_Deva,granite-3.1-8b-base,4.2796
hin_Latn^,granite-3.1-8b-base,4.2796
hrv_Latn,granite-3.1-8b-base,1.6464
hun_Latn,granite-3.1-8b-base,1.6974
hye_Armn,granite-3.1-8b-base,4.4952
ibo_Latn,granite-3.1-8b-base,1.9925
ind_Latn,granite-3.1-8b-base,1.3718
isl_Latn,granite-3.1-8b-base,1.7876
ita_Latn,granite-3.1-8b-base,1.2933
jpn_Jpan,granite-3.1-8b-base,3.4027
kan_Knda,granite-3.1-8b-base,7.9149
kat_Geor,granite-3.1-8b-base,4.5717
kaz_Cyrl,granite-3.1-8b-base,2.8969
khk_Cyrl,granite-3.1-8b-base,2.9543
khm_Khmr,granite-3.1-8b-base,7.0021
kin_Latn,granite-3.1-8b-base,1.6427
kir_Cyrl,granite-3.1-8b-base,2.7184
kor_Hang,granite-3.1-8b-base,3.3708
lao_Laoo,granite-3.1-8b-base,6.7752
lit_Latn,granite-3.1-8b-base,1.8518
lvs_Latn,granite-3.1-8b-base,1.9359
mal_Mlym,granite-3.1-8b-base,5.5645
mar_Deva,granite-3.1-8b-base,4.511
mkd_Cyrl,granite-3.1-8b-base,2.1605
mlt_Latn,granite-3.1-8b-base,1.8838
mri_Latn,granite-3.1-8b-base,1.7777
mya_Mymr,granite-3.1-8b-base,7.5669
nld_Latn,granite-3.1-8b-base,1.3414
nob_Latn,granite-3.1-8b-base,1.4347
npi_Deva,granite-3.1-8b-base,4.3408
npi_Latn^,granite-3.1-8b-base,4.3408
nso_Latn,granite-3.1-8b-base,1.5526
nya_Latn,granite-3.1-8b-base,1.6162
pan_Guru,granite-3.1-8b-base,9.7885
pbt_Arab,granite-3.1-8b-base,3.3274
pes_Arab,granite-3.1-8b-base,2.7787
plt_Latn,granite-3.1-8b-base,1.5885
pol_Latn,granite-3.1-8b-base,1.745
por_Latn,granite-3.1-8b-base,1.2916
ron_Latn,granite-3.1-8b-base,1.6711
rus_Cyrl,granite-3.1-8b-base,1.9505
sin_Latn^,granite-3.1-8b-base,6.7614
sin_Sinh,granite-3.1-8b-base,6.7614
slk_Latn,granite-3.1-8b-base,1.7327
slv_Latn,granite-3.1-8b-base,1.6251
som_Latn,granite-3.1-8b-base,1.6601
spa_Latn,granite-3.1-8b-base,1.2649
srp_Cyrl,granite-3.1-8b-base,2.3476
ssw_Latn,granite-3.1-8b-base,1.6804
swe_Latn,granite-3.1-8b-base,1.4425
swh_Latn,granite-3.1-8b-base,1.5846
tam_Taml,granite-3.1-8b-base,3.7518
tel_Telu,granite-3.1-8b-base,4.7337
tha_Thai,granite-3.1-8b-base,3.4482
tir_Ethi,granite-3.1-8b-base,8.6813
tsn_Latn,granite-3.1-8b-base,1.5389
tur_Latn,granite-3.1-8b-base,1.5808
ukr_Cyrl,granite-3.1-8b-base,2.3159
urd_Arab,granite-3.1-8b-base,3.543
urd_Latn^,granite-3.1-8b-base,3.543
uzn_Latn,granite-3.1-8b-base,1.6623
vie_Latn,granite-3.1-8b-base,1.9595
wol_Latn,granite-3.1-8b-base,1.6828
xho_Latn,granite-3.1-8b-base,1.6731
yor_Latn,granite-3.1-8b-base,2.566
zho_Hans,granite-3.1-8b-base,3.382
zho_Hant,granite-3.1-8b-base,3.382
zsm_Latn,granite-3.1-8b-base,1.3866
zul_Latn,granite-3.1-8b-base,1.6641
afr_Latn,Yi-1.5-9B,1.6493
als_Latn,Yi-1.5-9B,2.0924
amh_Ethi,Yi-1.5-9B,11.2777
arb_Arab,Yi-1.5-9B,5.0139
arb_Latn,Yi-1.5-9B,5.0139
azj_Latn,Yi-1.5-9B,2.4469
ben_Beng,Yi-1.5-9B,11.6184
ben_Latn^,Yi-1.5-9B,11.6184
bod_Tibt,Yi-1.5-9B,12.5259
bul_Cyrl,Yi-1.5-9B,1.7054
cat_Latn,Yi-1.5-9B,1.544
ces_Latn,Yi-1.5-9B,2.2574
dan_Latn,Yi-1.5-9B,1.684
deu_Latn,Yi-1.5-9B,1.6763
ell_Grek,Yi-1.5-9B,4.721
eng_Latn,Yi-1.5-9B,1.0
est_Latn,Yi-1.5-9B,1.9054
eus_Latn,Yi-1.5-9B,1.8079
fin_Latn,Yi-1.5-9B,1.9509
fra_Latn,Yi-1.5-9B,1.5021
gaz_Latn,Yi-1.5-9B,1.9027
guj_Gujr,Yi-1.5-9B,11.4761
hau_Latn,Yi-1.5-9B,1.8699
heb_Hebr,Yi-1.5-9B,7.1035
hin_Deva,Yi-1.5-9B,9.5672
hin_Latn^,Yi-1.5-9B,9.5672
hrv_Latn,Yi-1.5-9B,1.9348
hun_Latn,Yi-1.5-9B,2.1683
hye_Armn,Yi-1.5-9B,7.8509
ibo_Latn,Yi-1.5-9B,3.0289
ind_Latn,Yi-1.5-9B,1.6575
isl_Latn,Yi-1.5-9B,2.4091
ita_Latn,Yi-1.5-9B,1.4999
jpn_Jpan,Yi-1.5-9B,5.3467
kan_Knda,Yi-1.5-9B,11.7199
kat_Geor,Yi-1.5-9B,11.3617
kaz_Cyrl,Yi-1.5-9B,3.2025
khk_Cyrl,Yi-1.5-9B,3.2498
khm_Khmr,Yi-1.5-9B,11.745
kin_Latn,Yi-1.5-9B,1.8897
kir_Cyrl,Yi-1.5-9B,2.9145
kor_Hang,Yi-1.5-9B,8.1136
lao_Laoo,Yi-1.5-9B,11.297
lit_Latn,Yi-1.5-9B,2.2264
lvs_Latn,Yi-1.5-9B,2.2772
mal_Mlym,Yi-1.5-9B,12.0733
mar_Deva,Yi-1.5-9B,9.6865
mkd_Cyrl,Yi-1.5-9B,2.069
mlt_Latn,Yi-1.5-9B,2.1696
mri_Latn,Yi-1.5-9B,2.0396
mya_Mymr,Yi-1.5-9B,12.3864
nld_Latn,Yi-1.5-9B,1.5941
nob_Latn,Yi-1.5-9B,1.6866
npi_Deva,Yi-1.5-9B,9.2829
npi_Latn^,Yi-1.5-9B,9.2829
nso_Latn,Yi-1.5-9B,1.746
nya_Latn,Yi-1.5-9B,1.8233
pan_Guru,Yi-1.5-9B,11.1279
pbt_Arab,Yi-1.5-9B,5.2051
pes_Arab,Yi-1.5-9B,5.03
plt_Latn,Yi-1.5-9B,1.8071
pol_Latn,Yi-1.5-9B,2.2156
por_Latn,Yi-1.5-9B,1.5679
ron_Latn,Yi-1.5-9B,2.0221
rus_Cyrl,Yi-1.5-9B,2.1364
sin_Latn^,Yi-1.5-9B,11.096
sin_Sinh,Yi-1.5-9B,11.096
slk_Latn,Yi-1.5-9B,2.1496
slv_Latn,Yi-1.5-9B,1.8939
som_Latn,Yi-1.5-9B,1.8586
spa_Latn,Yi-1.5-9B,1.5139
srp_Cyrl,Yi-1.5-9B,2.3623
ssw_Latn,Yi-1.5-9B,1.8691
swe_Latn,Yi-1.5-9B,1.7452
swh_Latn,Yi-1.5-9B,1.8244
tam_Taml,Yi-1.5-9B,11.6059
tel_Telu,Yi-1.5-9B,11.7259
tha_Thai,Yi-1.5-9B,10.1904
tir_Ethi,Yi-1.5-9B,10.8006
tsn_Latn,Yi-1.5-9B,1.7352
tur_Latn,Yi-1.5-9B,2.1069
ukr_Cyrl,Yi-1.5-9B,2.4803
urd_Arab,Yi-1.5-9B,5.6704
urd_Latn^,Yi-1.5-9B,5.6704
uzn_Latn,Yi-1.5-9B,1.8952
vie_Latn,Yi-1.5-9B,3.827
wol_Latn,Yi-1.5-9B,2.0059
xho_Latn,Yi-1.5-9B,1.9201
yor_Latn,Yi-1.5-9B,3.7232
zho_Hans,Yi-1.5-9B,2.6945
zho_Hant,Yi-1.5-9B,2.6945
zsm_Latn,Yi-1.5-9B,1.6717
zul_Latn,Yi-1.5-9B,1.8831
afr_Latn,Llama-3.1-8B,1.4947
als_Latn,Llama-3.1-8B,1.863
amh_Ethi,Llama-3.1-8B,11.0993
arb_Arab,Llama-3.1-8B,1.7784
arb_Latn,Llama-3.1-8B,1.7784
azj_Latn,Llama-3.1-8B,2.0719
ben_Beng,Llama-3.1-8B,5.5695
ben_Latn^,Llama-3.1-8B,5.5695
bod_Tibt,Llama-3.1-8B,9.3202
bul_Cyrl,Llama-3.1-8B,1.8805
cat_Latn,Llama-3.1-8B,1.4378
ces_Latn,Llama-3.1-8B,1.5544
dan_Latn,Llama-3.1-8B,1.492
deu_Latn,Llama-3.1-8B,1.3142
ell_Grek,Llama-3.1-8B,1.7842
eng_Latn,Llama-3.1-8B,1.0
est_Latn,Llama-3.1-8B,1.7927
eus_Latn,Llama-3.1-8B,1.6724
fin_Latn,Llama-3.1-8B,1.7486
fra_Latn,Llama-3.1-8B,1.3131
gaz_Latn,Llama-3.1-8B,1.8204
guj_Gujr,Llama-3.1-8B,7.7405
hau_Latn,Llama-3.1-8B,1.8181
heb_Hebr,Llama-3.1-8B,4.3236
hin_Deva,Llama-3.1-8B,2.4225
hin_Latn^,Llama-3.1-8B,2.4225
hrv_Latn,Llama-3.1-8B,1.6867
hun_Latn,Llama-3.1-8B,1.8827
hye_Armn,Llama-3.1-8B,7.3931
ibo_Latn,Llama-3.1-8B,2.1829
ind_Latn,Llama-3.1-8B,1.3162
isl_Latn,Llama-3.1-8B,2.0214
ita_Latn,Llama-3.1-8B,1.314
jpn_Jpan,Llama-3.1-8B,3.2394
kan_Knda,Llama-3.1-8B,8.0496
kat_Geor,Llama-3.1-8B,8.3436
kaz_Cyrl,Llama-3.1-8B,2.8164
khk_Cyrl,Llama-3.1-8B,3.0739
khm_Khmr,Llama-3.1-8B,7.0812
kin_Latn,Llama-3.1-8B,1.8009
kir_Cyrl,Llama-3.1-8B,2.6772
kor_Hang,Llama-3.1-8B,2.902
lao_Laoo,Llama-3.1-8B,8.182
lit_Latn,Llama-3.1-8B,2.1176
lvs_Latn,Llama-3.1-8B,2.2069
mal_Mlym,Llama-3.1-8B,7.6125
mar_Deva,Llama-3.1-8B,2.6778
mkd_Cyrl,Llama-3.1-8B,1.9455
mlt_Latn,Llama-3.1-8B,2.068
mri_Latn,Llama-3.1-8B,2.0015
mya_Mymr,Llama-3.1-8B,9.2138
nld_Latn,Llama-3.1-8B,1.35
nob_Latn,Llama-3.1-8B,1.4819
npi_Deva,Llama-3.1-8B,2.5177
npi_Latn^,Llama-3.1-8B,2.5177
nso_Latn,Llama-3.1-8B,1.7141
nya_Latn,Llama-3.1-8B,1.7534
pan_Guru,Llama-3.1-8B,7.3799
pbt_Arab,Llama-3.1-8B,2.8539
pes_Arab,Llama-3.1-8B,1.4924
plt_Latn,Llama-3.1-8B,1.7481
pol_Latn,Llama-3.1-8B,1.8042
por_Latn,Llama-3.1-8B,1.3098
ron_Latn,Llama-3.1-8B,1.5947
rus_Cyrl,Llama-3.1-8B,1.5282
sin_Latn^,Llama-3.1-8B,8.1477
sin_Sinh,Llama-3.1-8B,8.1477
slk_Latn,Llama-3.1-8B,1.7049
slv_Latn,Llama-3.1-8B,1.7151
som_Latn,Llama-3.1-8B,1.7704
spa_Latn,Llama-3.1-8B,1.2502
srp_Cyrl,Llama-3.1-8B,2.0981
ssw_Latn,Llama-3.1-8B,1.8138
swe_Latn,Llama-3.1-8B,1.5013
swh_Latn,Llama-3.1-8B,1.739
tam_Taml,Llama-3.1-8B,6.1203
tel_Telu,Llama-3.1-8B,7.997
tha_Thai,Llama-3.1-8B,2.1378
tir_Ethi,Llama-3.1-8B,10.5435
tsn_Latn,Llama-3.1-8B,1.7186
tur_Latn,Llama-3.1-8B,1.2728
ukr_Cyrl,Llama-3.1-8B,1.5963
urd_Arab,Llama-3.1-8B,3.0088
urd_Latn^,Llama-3.1-8B,3.0088
uzn_Latn,Llama-3.1-8B,1.8478
vie_Latn,Llama-3.1-8B,1.219
wol_Latn,Llama-3.1-8B,1.8312
xho_Latn,Llama-3.1-8B,1.84
yor_Latn,Llama-3.1-8B,2.7323
zho_Hans,Llama-3.1-8B,3.4817
zho_Hant,Llama-3.1-8B,3.4817
zsm_Latn,Llama-3.1-8B,1.3623
zul_Latn,Llama-3.1-8B,1.7952
