model,layer,n_axes,share_q05,share_q25,share_q50,share_q75,share_q95,fraction_share_gt_0_50,fraction_share_gt_0_75,fraction_share_gt_0_90,fraction_language_heavy_by,gini_ss_language,top5_raw_variance_ss_language_fraction,spearman_language_share_vs_raw_variance,median_share_top5_raw_variance,median_share_rest,median_share_top5_minus_rest,n_languages,n_concepts,dimension,lfs_direct_standardized,mean_pairwise_cosine_raw,top_eigen_share_raw,gaussian_null_mean
EuroLLM-1.7B,0,2048,0.7465426469004054,0.8580555556535736,0.9080170611542215,0.9432132410926717,0.9725694697150645,0.9990234375,0.94775390625,0.55712890625,1.0,0.401354302874648,0.18266868517056087,0.8795260220381074,0.977150090140934,0.9053045819023854,0.07184550823854863,13,300,2048,0.9047059530461118,0.2162473489876707,0.3493045635564077,0.0385852090032154
EuroLLM-1.7B,6,2048,0.763854741583756,0.8732636019729269,0.9251221004485615,0.9571381305550264,0.9819489794775715,0.99755859375,0.95751953125,0.646484375,1.0,0.7031984775041717,0.5646909658966631,0.8801532120622902,0.983789913937232,0.9217901333840872,0.06199978055314481,13,300,2048,0.916331336450382,0.8455034412019651,0.6050270568685902,0.0385852090032154
EuroLLM-1.7B,14,2048,0.505111033346545,0.6990999547975396,0.7988603483862455,0.8684875588124878,0.9357505254319847,0.953125,0.64453125,0.1474609375,1.0,0.8712123710949558,0.815670298651308,0.809116648169106,0.932039185301788,0.7930367648525715,0.1390024204492165,13,300,2048,0.7900691089438461,0.8110681630895094,0.8570199904573114,0.0385852090032154
EuroLLM-1.7B,18,2048,0.5482974070419058,0.7082797906662792,0.7957914292468118,0.8601958477516185,0.9224656087036718,0.974609375,0.6484375,0.10546875,1.0,0.713887219431701,0.6195933706485377,0.7829896406692901,0.9164543561184296,0.7909396492843443,0.12551470683408528,13,300,2048,0.7886083092980324,0.7883184122183895,0.6138309212897363,0.0385852090032154
EuroLLM-1.7B,24,2048,0.6591487463580142,0.8083498855142723,0.8744229150314615,0.9186785239963176,0.9697352611776511,0.9951171875,0.86376953125,0.35498046875,1.0,0.9372030625172281,0.9190597356485292,0.8594189044192804,0.985781903597775,0.8692842699669492,0.11649763363082577,13,300,2048,0.8666720714384681,0.3257004866397546,0.48126840936142,0.0385852090032154
Falcon3-7B-Base,0,3072,0.85825185651992,0.9209601686120399,0.9474622588237891,0.9640162131881292,0.9793201437547179,1.0,0.9947916666666666,0.8583984375,1.0,0.3215999595786685,0.1450019763954122,0.8723399727373623,0.9815538022271857,0.9457071024669609,0.03584669976022481,13,300,3072,0.9426148515165929,0.2417667408592549,0.1725890697452548,0.0385852090032154
Falcon3-7B-Base,7,3072,0.7466491519798171,0.8517348656679085,0.8954421725059488,0.9251021921664081,0.953685416577606,0.99609375,0.947265625,0.4651692708333333,1.0,0.8776771444799325,0.8084136467127512,0.5341827367539127,0.9183477630196364,0.8938279365974029,0.024519826422233493,13,300,3072,0.8848641484512959,0.7567024687437459,0.7444075245545375,0.0385852090032154
Falcon3-7B-Base,13,3072,0.5201962926464835,0.6785212455014002,0.7696390513280494,0.8437566976290818,0.9112195867185392,0.9622395833333334,0.5667317708333334,0.07552083333333333,1.0,0.9249525844879816,0.8367342919018975,0.6388924128299197,0.8890063957199611,0.7654507263906483,0.12355566932931283,13,300,3072,0.7682529162600981,0.7586894509720479,0.7184990155570543,0.0385852090032154
Falcon3-7B-Base,21,3072,0.7623239651307574,0.8629668763224257,0.9039626165005457,0.9313059860041506,0.9561510075244444,0.9944661458333334,0.9557291666666666,0.5244140625,1.0,0.7311763473896906,0.6332677520775556,0.3412853182889693,0.8501660706025743,0.9057688901342881,-0.055602819531713754,13,300,3072,0.8917857535667262,0.780664317944184,0.5448715556937846,0.0385852090032154
Falcon3-7B-Base,28,3072,0.8136284801348979,0.8994326245835906,0.9327202554964981,0.9527537887882149,0.9717254924078303,0.9990234375,0.9781901041666666,0.7473958333333334,1.0,0.6863308693404293,0.604154355012024,0.6311345061371864,0.9563943962275818,0.9313062844084516,0.025088111819130177,13,300,3072,0.9235213569442612,0.827234275606013,0.2959378304607286,0.0385852090032154
Mistral-7B-v0.3,0,4096,0.8296911460972933,0.9002168245557739,0.9311793254450105,0.9523147681660513,0.9722670136619679,1.0,0.9892578125,0.7509765625,1.0,0.3582254264854572,0.17995208155666326,0.8309096521029413,0.9725773259215924,0.9288330076883712,0.043744318233221224,13,300,4096,0.926541679794212,0.4115487045840325,0.2047628748322749,0.0385852090032154
Mistral-7B-v0.3,2,4096,0.4457631845500271,0.6482741590422312,0.77812613468216,0.8682934499974503,0.9351530349852064,0.91748046875,0.5693359375,0.1552734375,1.0,0.9989038448274103,0.9989085728493107,-0.19080012311340114,0.5615350459608014,0.7858104591596058,-0.2242754131988044,13,300,4096,0.749392110380016,0.9981214867071724,0.999354269836646,0.0385852090032154
Mistral-7B-v0.3,8,4096,0.464949033221171,0.6253831011979065,0.7175954855133909,0.7923268898915329,0.8716158097383351,0.921875,0.3857421875,0.019287109375,1.0,0.9800148186397601,0.972499817841024,0.576179065276366,0.7929411454004089,0.7149847254303476,0.07795641997006131,13,300,4096,0.7147293559082801,0.9478720669799195,0.9728418643231944,0.0385852090032154
Mistral-7B-v0.3,24,4096,0.7235473566825247,0.838806052127548,0.8894788949897496,0.9232455029947819,0.9524256505625476,0.99267578125,0.9287109375,0.42626953125,1.0,0.5117459835232991,0.3899123104974064,0.5015153774614298,0.8424522872807384,0.8901230100407612,-0.04767072276002282,13,300,4096,0.8761636879954061,0.6165667460642996,0.3568070098106164,0.0385852090032154
Mistral-7B-v0.3,32,4096,0.7604882085880422,0.865503387241338,0.9150996170654921,0.9485158157838987,0.988050026041151,0.998046875,0.958984375,0.598388671875,1.0,0.8508601274115697,0.7651089591021127,0.8561663573325117,0.9927652662960575,0.9117612034399214,0.08100406285613615,13,300,4096,0.9095009269253396,0.176228801643393,0.2545127599117197,0.0385852090032154
OLMo-2-0425-1B,0,2048,0.8929825835801033,0.9387777898822076,0.9580223152523567,0.9710861150921429,0.9825072336578777,1.0,0.9990234375,0.93798828125,1.0,0.30802998975272367,0.13309096548518945,0.9545697820092218,0.98469005895481,0.9564681665678786,0.028221892386931402,13,300,2048,0.954619202847436,0.4057276074655873,0.2126052318769465,0.0385852090032154
OLMo-2-0425-1B,4,2048,0.8103564867798617,0.891336861572131,0.9260044258793241,0.9475568631533163,0.968923991336005,1.0,0.98681640625,0.70166015625,1.0,0.3748522204841076,0.21357198347837922,0.8261401606648056,0.9692623913825984,0.9241729553511682,0.04508943603143023,13,300,2048,0.919467716320266,0.7835998949277891,0.2495737536706141,0.0385852090032154
OLMo-2-0425-1B,9,2048,0.6839362283327953,0.8065933392468838,0.867599376485092,0.9046701016652469,0.9448474757442905,0.9951171875,0.87744140625,0.28125,1.0,0.4557283698376795,0.30781368022434596,0.6712346420027953,0.9215625892096818,0.8651921965690618,0.05637039264062005,13,300,2048,0.8555304914009325,0.7076669621155083,0.27813023996282,0.0385852090032154
OLMo-2-0425-1B,12,2048,0.7847939223525332,0.8775027187609562,0.9146913834204506,0.9412993795389761,0.9641529814943639,0.99755859375,0.974609375,0.6142578125,1.0,0.39077924936244157,0.23945684319679866,0.6529434571541148,0.9373238747632012,0.9144848686772552,0.022839006085946023,13,300,2048,0.904420775832538,0.6060124573498162,0.2035500112756893,0.0385852090032154
OLMo-2-0425-1B,16,2048,0.7562627301190311,0.8526881331243084,0.9024143106582863,0.9405021246603453,0.9761507415941088,1.0,0.955078125,0.51611328125,1.0,0.9059487982561643,0.8717701744536398,0.8094957715188318,0.980699949724611,0.8991971295760706,0.08150282014854049,13,300,2048,0.9001903125223955,0.5143888906941392,0.2970457335962003,0.0385852090032154
OLMo-2-1124-7B,0,4096,0.8800935112993911,0.9312997456388383,0.9538453834824068,0.9689841476315848,0.9820318797031146,1.0,0.9990234375,0.9072265625,1.0,0.342064488392519,0.1587434264015917,0.952774496204283,0.9848587496534256,0.9523369548039592,0.03252179484946638,13,300,4096,0.950174796066262,0.3839441828242655,0.2640061648370361,0.0385852090032154
OLMo-2-1124-7B,8,4096,0.6761272419661556,0.7958128268235062,0.8535726513331301,0.8951468598858021,0.9365502365664865,0.995849609375,0.863037109375,0.220458984375,1.0,0.4128279237117918,0.2639424993326388,0.8313621877643094,0.9383889283933824,0.8500165946484383,0.08837233374494413,13,300,4096,0.8478119225422205,0.6752593000516811,0.1876451336487912,0.0385852090032154
OLMo-2-1124-7B,12,4096,0.49925109634757225,0.65672021760393,0.7442056249705727,0.8170371141563343,0.88697201022086,0.948974609375,0.48095703125,0.025634765625,1.0,0.46273655768942046,0.3119699115018831,0.7725241929330382,0.8790141941038631,0.7373350681348082,0.14167912596905485,13,300,4096,0.7420740191771581,0.6702036911585529,0.1807356487038432,0.0385852090032154
OLMo-2-1124-7B,24,4096,0.7309193572362153,0.8358151383732646,0.8811985915702363,0.9145304655788863,0.9472539585116275,0.998291015625,0.93359375,0.359130859375,1.0,0.34711916593193615,0.19732391055521073,0.6980536477527893,0.91578829181345,0.880369132368059,0.03541915944539098,13,300,4096,0.8725537114579328,0.4071464557681678,0.152061314224203,0.0385852090032154
OLMo-2-1124-7B,32,4096,0.6845803490410896,0.809890765876821,0.8672282896084631,0.9119655376380282,0.9643057225953481,0.99658203125,0.88525390625,0.32080078125,1.0,0.8859116386321693,0.8502610166926816,0.8092527604123361,0.9762245961266778,0.861980197728114,0.11424439839856382,13,300,4096,0.8654070109256882,0.602939860220816,0.311021763143892,0.0385852090032154
Qwen3-0.6B-Base,0,1024,0.6958749463400817,0.8191688133013257,0.8800868500963923,0.9182435075725895,0.9559957512835369,0.9970703125,0.8974609375,0.36328125,1.0,0.4182639271954891,0.23499443038528625,0.835048760371218,0.9588076348784613,0.876524311849702,0.08228332302875929,13,300,1024,0.8730930472422505,0.2822978797487717,0.2632879443463785,0.0385852090032154
Qwen3-0.6B-Base,7,1024,0.319517749720821,0.5017555942487466,0.6292119473239188,0.7514681573519043,0.8893306006695649,0.7529296875,0.25390625,0.041015625,1.0,0.9975569840232466,0.9969004554246184,0.49403881830698804,0.8447619359097811,0.6282232209639256,0.21653871494585553,13,300,1024,0.6431745842533322,0.9901568532697032,0.997263490761481,0.0385852090032154
Qwen3-0.6B-Base,8,1024,0.27217783350949054,0.45037057290003296,0.5865622124492248,0.7186835589622242,0.8814437337658281,0.6689453125,0.201171875,0.033203125,1.0,0.997426102398951,0.9965618176600335,0.5518972623560546,0.8310980225354767,0.5796458118936147,0.25145221064186196,13,300,1024,0.6088355117370512,0.9889740325653946,0.9967445738677998,0.0385852090032154
Qwen3-0.6B-Base,21,1024,0.5782684973099426,0.7729469778529403,0.8490257774647314,0.9012016650957813,0.951366301100402,0.9765625,0.8017578125,0.255859375,1.0,0.8755726529862147,0.825936932400769,0.20771187236249192,0.8978066272025784,0.8475098326497421,0.05029679455283631,13,300,1024,0.8333847569308337,0.8824704471670859,0.8228241576451423,0.0385852090032154
Qwen3-0.6B-Base,28,1024,0.6795621689109625,0.8242404351831689,0.887151367763517,0.9302766109209087,0.978418552718921,0.994140625,0.888671875,0.431640625,1.0,0.902987724390004,0.8764986193498239,0.5920618942672197,0.9891727401004201,0.8840629873954206,0.10510975270499956,13,300,1024,0.8763529321916044,0.3120100993819904,0.2919397733993729,0.0385852090032154
Qwen3-1.7B-Base,0,2048,0.6859177223667013,0.8089808035883397,0.8688307765960039,0.9128832632552935,0.9524498614479961,0.99755859375,0.8798828125,0.32958984375,1.0,0.38343573388506136,0.1942893484902163,0.7634327154967704,0.9490325097677368,0.8637144387129357,0.08531807105480105,13,300,2048,0.864641534130501,0.1603608363708224,0.2523158794005918,0.0385852090032154
Qwen3-1.7B-Base,7,2048,0.3327961625427905,0.5029312803364532,0.6269593354495262,0.7365194175649159,0.8552274910590567,0.75732421875,0.220703125,0.01416015625,1.0,0.9973396371188594,0.9966257046943633,0.5504856341744981,0.8363304761707852,0.6185056210805344,0.21782485509025074,13,300,2048,0.6346997630281737,0.983213664275471,0.9962796899862,0.0385852090032154
Qwen3-1.7B-Base,13,2048,0.2532661982309345,0.4171123969538971,0.5541541503709831,0.6963911109822636,0.8384437986206958,0.60400390625,0.15234375,0.01513671875,1.0,0.9905428926517195,0.9812568911603275,0.49608413595477013,0.8028932710377564,0.5468011693548621,0.2560921016828943,13,300,2048,0.5808205932178168,0.9433517996919066,0.9776919833356954,0.0385852090032154
Qwen3-1.7B-Base,21,2048,0.5610454741380256,0.7533879467288362,0.8365680700902562,0.8914550198847947,0.9410534177299561,0.97265625,0.755859375,0.20849609375,1.0,0.7361873720586207,0.6352032451924817,0.27644522233864005,0.799578111817615,0.8381003381594466,-0.03852222634183167,13,300,2048,0.8180848682904561,0.765790354858075,0.5121690786237104,0.0385852090032154
Qwen3-1.7B-Base,28,2048,0.7121682210323852,0.844763718196234,0.8998297813621037,0.936929003177322,0.9714222291929602,0.99658203125,0.92578125,0.49853515625,1.0,0.9389144463804946,0.9277068393967675,0.6050233411472062,0.9760212039946524,0.8966661024675032,0.0793551015271492,13,300,2048,0.8885773963331693,0.5250422226262715,0.5146500123412534,0.0385852090032154
Qwen3-4B-Base,0,2560,0.6340406822122662,0.7654139982952562,0.8397619083645163,0.8922080190628362,0.9415706153438542,0.987890625,0.801171875,0.208984375,1.0,0.43471634682156846,0.24919068767569438,0.7621442553454216,0.93421560368836,0.8351779588578017,0.09903764483055832,13,300,2560,0.8374439691273802,0.2562957068334133,0.2395788411026494,0.0385852090032154
Qwen3-4B-Base,9,2560,0.27346565863241723,0.4325596778240377,0.5530829190935725,0.6765434791650309,0.823809856791669,0.61875,0.13125,0.013671875,0.999609375,0.9955964119392913,0.9928972619454548,0.6062144067233134,0.8407458154608336,0.5445651079544006,0.296180707506433,13,300,2560,0.5801266474018719,0.9731525168846316,0.9907353474680062,0.0385852090032154
Qwen3-4B-Base,17,2560,0.17266868192778168,0.2967127065868184,0.41267582195926045,0.5558098980982785,0.760709521917309,0.339453125,0.055859375,0.008203125,0.996484375,0.9963800752713172,0.992235177179248,0.4729228884388562,0.7696866258465396,0.4012926384234929,0.3683939874230467,13,300,2560,0.4561070964075558,0.9692536624731586,0.9873816288624976,0.0385852090032154
Qwen3-4B-Base,27,2560,0.536997087453442,0.7338239233047731,0.817360275346116,0.8808842876842651,0.9423526954195283,0.963671875,0.710546875,0.180859375,1.0,0.8950940126124014,0.8461110552990323,0.327667258431207,0.8745489503290076,0.8165844022372484,0.057964548091759216,13,300,2560,0.8043263490138753,0.8793967563779145,0.853779879439917,0.0385852090032154
Qwen3-4B-Base,36,2560,0.7106333579586626,0.838838501284626,0.8977281222380775,0.938476517221486,0.9710080827223546,0.99453125,0.918359375,0.48203125,1.0,0.9196098859987458,0.8930185220026714,0.6871153404125732,0.977008377105707,0.8937456497775531,0.08326272732815387,13,300,2560,0.8864571566809325,0.3751902759561227,0.371652219812919,0.0385852090032154
Qwen3-8B-Base,0,4096,0.7086932347085545,0.8235750461564204,0.8781872295299682,0.9155703085840177,0.9515803639818066,0.99658203125,0.914794921875,0.35595703125,1.0,0.3888333615960784,0.21793538704479276,0.8074516943208022,0.9557687135213656,0.8758134986180617,0.07995521490330393,13,300,4096,0.8743578957482872,0.4017214550985791,0.1986718098219822,0.0385852090032154
Qwen3-8B-Base,9,4096,0.32256256644956793,0.48622405922903567,0.6034518279966878,0.7124396092082017,0.8299060529431117,0.728515625,0.1640625,0.0087890625,1.0,0.9947136065152564,0.9917569828709486,0.5990004854030265,0.7743359450610363,0.5948685210248235,0.17946742403621285,13,300,4096,0.6171749564719544,0.9635833974981453,0.9886224804606168,0.0385852090032154
Qwen3-8B-Base,19,4096,0.17252955256947763,0.30140401995595456,0.4138939528563342,0.5449245317536782,0.7280161831927575,0.32763671875,0.03564453125,0.00390625,0.996337890625,0.9938316135420819,0.9865648807119849,0.46736141646851853,0.6749155683026451,0.4055841503972771,0.269331417905368,13,300,4096,0.4492824643532386,0.9460681328837172,0.9738286101366714,0.0385852090032154
Qwen3-8B-Base,27,4096,0.5428061651842555,0.7194614547147827,0.8112363519112487,0.8753791663475481,0.9356591585108275,0.967529296875,0.690673828125,0.154052734375,0.99951171875,0.812470400122361,0.7327025537862604,0.4201379065181371,0.747852343201914,0.8124478167511542,-0.06459547354924022,13,300,4096,0.797506261002557,0.8379387588219629,0.7090280090827527,0.0385852090032154
Qwen3-8B-Base,36,4096,0.7101734881599431,0.8329398558398258,0.8883255899903274,0.9265501102495557,0.9646163128680296,0.994873046875,0.91796875,0.42626953125,1.0,0.9719465258793072,0.965284165474667,0.6922242900960656,0.96613325472065,0.8869295867915304,0.07920366792911959,13,300,4096,0.8787959488656687,0.4889460253847092,0.6801624938203527,0.0385852090032154
SmolLM2-1.7B,0,2048,0.8984789630927276,0.9437677350214934,0.9626910914920469,0.9756906640917955,0.98693021869737,1.0,0.9990234375,0.9482421875,1.0,0.42646801157056635,0.2530282707283025,0.841413249170214,0.9872889133277843,0.9614895249092112,0.0257993884185731,13,300,2048,0.9586847505816288,0.3225543962145623,0.2998883470566456,0.0385852090032154
SmolLM2-1.7B,6,2048,0.8888327634249824,0.935858726680205,0.9566201653136694,0.9687091483420409,0.9813258614717766,1.0,0.9970703125,0.92578125,1.0,0.8302035932785437,0.7793645475439751,0.6903678423111957,0.9566014838567984,0.9566388467705405,-3.736291374201173e-05,13,300,2048,0.9509641929151614,0.8577806141691553,0.753964166032513,0.0385852090032154
SmolLM2-1.7B,15,2048,0.723982549508643,0.8285092911515656,0.8793845155389657,0.9139529126137727,0.950298355568905,0.9970703125,0.92431640625,0.35791015625,1.0,0.9814981160597054,0.9748097381156204,0.5435000105164971,0.8945393466286577,0.8781938476052399,0.016345499023417864,13,300,2048,0.8694759748630935,0.9582415788044664,0.9739539038783888,0.0385852090032154
SmolLM2-1.7B,18,2048,0.8405424960541429,0.9098380573916444,0.9393843192746545,0.9585245656968849,0.9752690200709784,0.9970703125,0.98828125,0.81103515625,1.0,0.8858577444706612,0.8546612341027546,0.5507061984211085,0.9116116248980598,0.9396692819145908,-0.028057657016530957,13,300,2048,0.9298714815611367,0.9038211032321984,0.8949440815783312,0.0385852090032154
SmolLM2-1.7B,24,2048,0.8709704525887648,0.9285068289764989,0.9533461674718404,0.9694818348884544,0.9869496821506568,1.0,0.99658203125,0.88916015625,1.0,0.8585627426520266,0.8100070124140017,0.7439016750443996,0.9795567116683748,0.9527875788911104,0.026769132777264337,13,300,2048,0.9474616869006064,0.6186799416776916,0.3893823215324714,0.0385852090032154
bloom-1b7,0,2048,0.5845070502355975,0.7270197305453834,0.8115715033305553,0.8796399365135134,0.9471910887762393,0.98193359375,0.69287109375,0.177734375,1.0,0.5745686100378837,0.4050911200841709,0.46510297578420656,0.9470690085348404,0.8042558876375058,0.14281312089733467,13,300,2048,0.8236489490769876,0.3210480439708311,0.2102703517099836,0.0385852090032154
bloom-1b7,6,2048,0.6989094585574336,0.8196830867531506,0.8777930100866742,0.919625956739521,0.9544275693701186,0.998046875,0.8916015625,0.37646484375,1.0,0.8652493676691846,0.8144340237674584,0.677675339844904,0.942307887414692,0.8750473127843287,0.06726057463036328,13,300,2048,0.8698438584019493,0.8079453539161493,0.8676773839971131,0.0385852090032154
bloom-1b7,14,2048,0.5250196398721255,0.6935728746537974,0.786217198088357,0.8601865291148242,0.921376359631507,0.9638671875,0.61865234375,0.1123046875,1.0,0.8547929579117683,0.7962124659521842,0.7486332200002899,0.8932640043700852,0.7816855264300575,0.11157847794002773,13,300,2048,0.7826511745362782,0.7995652767569366,0.8470403390190802,0.0385852090032154
bloom-1b7,18,2048,0.6005757504721172,0.7448341854288204,0.8183835617626719,0.8788895481118973,0.9326066975296975,0.9853515625,0.73828125,0.15625,1.0,0.7403011222653146,0.6563321903567729,0.7416049575906892,0.903490850689632,0.8146930292884049,0.08879782140122705,13,300,2048,0.8131464936328513,0.7349936427523122,0.7205615931583144,0.0385852090032154
bloom-1b7,24,2048,0.45233410994943063,0.6414546253252025,0.7638057409808127,0.8670142664386419,0.9645262667848811,0.919921875,0.5283203125,0.17626953125,1.0,0.9898331327029053,0.9881228987816952,0.8100107725362833,0.9757026820581016,0.7537322714136935,0.22197041064440814,13,300,2048,0.7759765810305418,0.3213280432785801,0.2932283158547815,0.0385852090032154
bloom-7b1,0,4096,0.562477130637645,0.7119079525985825,0.8002416797398815,0.8645818987733271,0.9345846793920227,0.9775390625,0.654541015625,0.12890625,1.0,0.5929061667549456,0.4569719271493802,0.6086017103637658,0.9399819333175162,0.7918479491984851,0.14813398411903111,13,300,4096,0.8091661470296835,0.3900870526740913,0.2510166737945902,0.0385852090032154
bloom-7b1,8,4096,0.6541555610339775,0.7915380799416771,0.8594675522493302,0.9067326598610882,0.9488380626997037,0.994384765625,0.84375,0.2900390625,1.0,0.8696169858005773,0.8194824775744637,0.7705239165816742,0.9375519930896142,0.85622326024,0.08132873284961428,13,300,4096,0.8527047830152925,0.8719812242244901,0.8636347476588601,0.0385852090032154
bloom-7b1,17,4096,0.4501854291621645,0.62694814412111,0.7345637491246282,0.8186777056470719,0.8993389454768276,0.915283203125,0.459716796875,0.04931640625,1.0,0.8883860836884563,0.8449147231906072,0.7856532242445334,0.8941143071064198,0.7271501851837165,0.16696412192270327,13,300,4096,0.7335823842752519,0.8573467831449822,0.8705093917344588,0.0385852090032154
bloom-7b1,22,4096,0.5416508034763026,0.6984333822110966,0.7809604642229984,0.8459097884364045,0.9130298617523722,0.972412109375,0.606689453125,0.07275390625,1.0,0.7650820650870984,0.6919164111794138,0.7942562282154324,0.9191492980465348,0.7758098417058403,0.14333945634069445,13,300,4096,0.7762382097565377,0.7956916010025769,0.7325452896391015,0.0385852090032154
bloom-7b1,30,4096,0.46376972437264846,0.6395039790410417,0.7604840406873346,0.8631170196288941,0.9614020847952811,0.92236328125,0.524169921875,0.162353515625,1.0,0.9888210541911213,0.9841603306143228,0.8095641114628903,0.9499967588109282,0.7514786632624751,0.198518095548453,13,300,4096,0.7735570095422035,0.1126627645649763,0.2920870816848875,0.0385852090032154
salamandra-2b,0,2048,0.8982990994272296,0.9464797902012816,0.9652931572611267,0.9776794356488123,0.9877608592894537,0.99951171875,0.9970703125,0.94775390625,1.0,0.38167570625872704,0.17471744815794202,0.8725502513096337,0.9891168310787172,0.963932770794864,0.025184060283853227,13,300,2048,0.9603957830564124,0.5571232575157437,0.2305815398209983,0.0385852090032154
salamandra-2b,6,2048,0.5347856757399642,0.7376356371238185,0.8192670789868912,0.8831380120651436,0.9456425745140223,0.96484375,0.72900390625,0.18603515625,1.0,0.9975106770277353,0.9977392532104659,0.050182193840520105,0.8238085193091215,0.8191386901237248,0.004669829185396712,13,300,2048,0.808007891684794,0.9601815047692468,0.9952223858232868,0.0385852090032154
salamandra-2b,18,2048,0.6904787302559292,0.8195981265047521,0.8758541037091216,0.9119297388169535,0.9492875326276258,0.9951171875,0.8916015625,0.34033203125,1.0,0.98801581911045,0.9857265114897433,0.5925004688837753,0.8787315847353497,0.8757641042214892,0.002967480513860532,13,300,2048,0.8639959348523434,0.8421578900629202,0.9829589531901978,0.0385852090032154
salamandra-2b,24,2048,0.787883556361376,0.8824762096331253,0.9208365863473407,0.9502991489989285,0.9789350051972848,0.99951171875,0.974609375,0.65380859375,1.0,0.6771944969209294,0.5449915160971882,0.8227632545189869,0.982745429848667,0.9172641538521484,0.06548127599651854,13,300,2048,0.9167273412998552,0.4225850138576405,0.3003570331317314,0.0385852090032154
salamandra-7b,0,4096,0.8864690834370328,0.9426953097790294,0.9639515777951861,0.9767900128548703,0.9874930950911687,0.999755859375,0.998291015625,0.930908203125,1.0,0.37336392323703427,0.16050095391078228,0.8782410259776988,0.9890474186342876,0.962656241536207,0.026391177098080587,13,300,4096,0.9584435235110864,0.2380014593667282,0.2306876486945012,0.0385852090032154
salamandra-7b,8,4096,0.7574614650480156,0.8656137804230535,0.9076551138759686,0.9369807249449036,0.9628443080115789,0.995361328125,0.9541015625,0.557373046875,1.0,0.9960351234047831,0.9955902473291963,0.628178956060161,0.8548804100796302,0.9090107283270328,-0.054130318247402553,13,300,4096,0.8970239392597557,0.981897214216408,0.996230388549284,0.0385852090032154
salamandra-7b,18,4096,0.54326075230835,0.6930596061422912,0.7705196629429123,0.8358533101033181,0.8999849665064172,0.9716796875,0.5751953125,0.050048828125,1.0,0.9778548411073531,0.9714128483141625,0.6737342784125301,0.8410764451586674,0.7687160765852847,0.07236036857338268,13,300,4096,0.7694086996742854,0.8726272823166644,0.9613948826889284,0.0385852090032154
salamandra-7b,24,4096,0.728048568795885,0.8301661889218055,0.88026786583891,0.9156485373734103,0.9496693614640079,0.9951171875,0.92529296875,0.37158203125,1.0,0.8363741118690151,0.793832590233288,0.7083826290550532,0.9221133343170906,0.8796795297192176,0.04243380459787305,13,300,4096,0.8722585243200615,0.6910698339435323,0.8028738355711268,0.0385852090032154
salamandra-7b,32,4096,0.7873796619682752,0.8743785746837929,0.9167692743891545,0.9465532919845558,0.9736704336677207,0.9990234375,0.972412109375,0.619140625,1.0,0.7832175800537069,0.7101559838351802,0.8158491130702601,0.9751850053113392,0.914097639400786,0.06108736591055319,13,300,4096,0.9106333613970644,0.4760069263389827,0.3042652801988684,0.0385852090032154
