study,arm,is_control,control_arm,metric,n,mean,sd,min,max,ci95_low,ci95_high
codeswitch,CS-B,1,CS-B,delta_R1_concept_dominance_vs_control,3,0.0,0.0,0.0,0.0,0.0,0.0
codeswitch,CS-B,1,CS-B,delta_R2_mean_alignment_margin_vs_control,3,0.0,0.0,0.0,0.0,0.0,0.0
codeswitch,CS-B,1,CS-B,delta_R3_weak_language_tail_vs_control,3,0.0,0.0,0.0,0.0,0.0,0.0
codeswitch,CS-B,1,CS-B,delta_R4_within_concept_ratio_vs_control,3,0.0,0.0,0.0,0.0,0.0,0.0
codeswitch,CS-B,1,CS-B,delta_R4_shared_concept_ratio_vs_control,3,0.0,0.0,0.0,0.0,0.0,0.0
codeswitch,CS-B,1,CS-B,delta_R4_effective_rank_ratio_vs_control,3,0.0,0.0,0.0,0.0,0.0,0.0
codeswitch,CS-B,1,CS-B,delta_lfs_vs_control,3,0.0,0.0,0.0,0.0,0.0,0.0
codeswitch,CS-B,1,CS-B,delta_effective_rank_vs_control,3,0.0,0.0,0.0,0.0,0.0,0.0
codeswitch,CS-B,1,CS-B,delta_mexa_vs_control,3,0.0,0.0,0.0,0.0,0.0,0.0
codeswitch,CS-B,1,CS-B,delta_aar10_vs_control,3,0.0,0.0,0.0,0.0,0.0,0.0
codeswitch,CS-B,1,CS-B,ppl_favorable_vs_control,3,0.0,0.0,-0.0,-0.0,0.0,0.0
codeswitch,CS-B,1,CS-B,delta_context_trained_vs_control,3,0.0,0.0,0.0,0.0,0.0,0.0
codeswitch,CS-B,1,CS-B,delta_context_heldout_vs_control,3,0.0,0.0,0.0,0.0,0.0,0.0
codeswitch,CS-B,1,CS-B,R4_within_concept_ratio,3,0.9593574927234189,0.021211513625972553,0.9368097598899928,0.978915568116199,0.9066651718018345,1.0120498136450033
codeswitch,CS-B,1,CS-B,R4_shared_concept_ratio,3,0.9573610130931792,0.024752549057516848,0.9304684426239394,0.9791906702635124,0.8958722725174515,1.018849753668907
codeswitch,CS-B,1,CS-B,R4_effective_rank_ratio,3,0.9767665798367647,0.020020193403565114,0.9585694584810244,0.9982124772594352,0.9270336624064335,1.026499497267096
codeswitch,CS-P25,0,CS-B,delta_R1_concept_dominance_vs_control,3,0.0180866044100582,0.0017206912990517036,0.016533857371581584,0.019936528590657587,0.013812170263803197,0.0223610385563132
codeswitch,CS-P25,0,CS-B,delta_R2_mean_alignment_margin_vs_control,3,0.0010452374905833655,0.0010371582411803281,-0.00015190227607490142,0.001672781527261899,-0.001531206409385332,0.0036216813905520628
codeswitch,CS-P25,0,CS-B,delta_R3_weak_language_tail_vs_control,3,-0.017423282731273988,0.006527111819979174,-0.021437371268582583,-0.009891882516312678,-0.03363752735209559,-0.0012090381104523894
codeswitch,CS-P25,0,CS-B,delta_R4_within_concept_ratio_vs_control,3,0.001063433885145552,0.012301503690361955,-0.008379706186966152,0.014974526336857585,-0.029495195343318435,0.03162206311360954
codeswitch,CS-P25,0,CS-B,delta_R4_shared_concept_ratio_vs_control,3,0.0004000228246816562,0.013854994109234249,-0.009689507486491555,0.016197085192578453,-0.034017690538145816,0.03481773618750913
codeswitch,CS-P25,0,CS-B,delta_R4_effective_rank_ratio_vs_control,3,-0.04020618711787027,0.010955436112663622,-0.05285134675354142,-0.03357290847488548,-0.06742099911400942,-0.012991375121731132
codeswitch,CS-P25,0,CS-B,delta_lfs_vs_control,3,-0.018086604410058233,0.0017206912990517084,-0.019936528590657643,-0.01653385737158164,-0.022361038556313245,-0.01381217026380322
codeswitch,CS-P25,0,CS-B,delta_effective_rank_vs_control,3,-1.6477106010886924,0.44897040770032526,-2.1659284446029687,-1.3758687696815173,-2.763014922316991,-0.5324062798603937
codeswitch,CS-P25,0,CS-B,delta_mexa_vs_control,3,-0.002962962962963,0.00803797570896688,-0.0122222222222222,0.0022222222222222,-0.02293040154774072,0.01700447562181472
codeswitch,CS-P25,0,CS-B,delta_aar10_vs_control,3,-0.0080223427050643,0.0044704011699091065,-0.0128848316768805,-0.0040905525286992,-0.019127434837888306,0.003082749427759707
codeswitch,CS-P25,0,CS-B,ppl_favorable_vs_control,3,-0.02937290931151947,0.025445945946955952,-0.05873277992931968,-0.013695646014980349,-0.09258414324951321,0.03383832462647428
codeswitch,CS-P25,0,CS-B,delta_context_trained_vs_control,3,-0.010525290568669634,0.012810464011916295,-0.0232526548703511,0.0023666866620381,-0.04234824732569133,0.021297666188352063
codeswitch,CS-P25,0,CS-B,delta_context_heldout_vs_control,3,-0.0355672454833983,0.008915228774497148,-0.045492515961329,-0.0282385885715483,-0.05771390149100834,-0.013420589475788253
codeswitch,CS-P25,0,CS-B,R4_within_concept_ratio,3,0.9604209266085645,0.009462791066881276,0.9517842862268504,0.9705358619292328,0.9369140504609106,0.9839278027562184
codeswitch,CS-P25,0,CS-B,R4_shared_concept_ratio,3,0.9577610359178609,0.01143145686338945,0.9466655278165178,0.9695011627770208,0.929363722823268,0.9861583490124538
codeswitch,CS-P25,0,CS-B,R4_effective_rank_ratio,3,0.9365603927188944,0.010894675901288613,0.9243751523558404,0.9453611305058938,0.9094965174552058,0.9636242679825829
codeswitch,CS-W10,0,CS-B,delta_R1_concept_dominance_vs_control,3,0.00954327124498842,0.0068152090566420305,0.005174372893299917,0.017396196395924712,-0.007386646586078441,0.02647318907605528
codeswitch,CS-W10,0,CS-B,delta_R2_mean_alignment_margin_vs_control,3,-0.0009309190494699027,0.003814889312003971,-0.005000911255290303,0.002563444397964295,-0.01040762945557224,0.008545791356632434
codeswitch,CS-W10,0,CS-B,delta_R3_weak_language_tail_vs_control,3,-0.00916461226573099,0.011407000128069233,-0.021127824208847207,0.0015899196349436207,-0.03750117146180861,0.019171946930346635
codeswitch,CS-W10,0,CS-B,delta_R4_within_concept_ratio_vs_control,3,0.005283294605120041,0.027936218048890734,-0.02606426963720232,0.02754721640084601,-0.06411411817380964,0.07468070738404974
codeswitch,CS-W10,0,CS-B,delta_R4_shared_concept_ratio_vs_control,3,0.007215749105043449,0.03239415557810525,-0.02823641278696798,0.035273310027579496,-0.0732557944068351,0.08768729261692201
codeswitch,CS-W10,0,CS-B,delta_R4_effective_rank_ratio_vs_control,3,-0.03612070436363568,0.036619655497935104,-0.06725696321636898,0.004224414534398813,-0.1270889715773616,0.05484756285009022
codeswitch,CS-W10,0,CS-B,delta_lfs_vs_control,3,-0.009543271244988438,0.006815209056642016,-0.017396196395924712,-0.005174372893299917,-0.02647318907605526,0.007386646586078384
codeswitch,CS-W10,0,CS-B,delta_effective_rank_vs_control,3,-1.480281314024431,1.5007290891641176,-2.7562924821435715,0.17312292238296578,-5.208299039537739,2.247736411488877
codeswitch,CS-W10,0,CS-B,delta_mexa_vs_control,3,-0.0040740740740741336,0.01096196191625831,-0.0166666666666667,0.0033333333333333,-0.03130509706502231,0.023156948916874046
codeswitch,CS-W10,0,CS-B,delta_aar10_vs_control,3,-0.0072839251822894675,0.00531800341298331,-0.0133919268846511,-0.003681839754184,-0.020494578011698274,0.005926727647119338
codeswitch,CS-W10,0,CS-B,ppl_favorable_vs_control,3,-0.005328826575460091,0.020897334130479648,-0.02944645956632402,0.00740334565760499,-0.05724068236403188,0.0465830292131117
codeswitch,CS-W10,0,CS-B,delta_context_trained_vs_control,3,-0.005512727234098634,0.013849570414103457,-0.0165193168322244,0.0100380468368529,-0.039916967391314666,0.0288915129231174
codeswitch,CS-W10,0,CS-B,delta_context_heldout_vs_control,3,-0.0230580740504794,0.015794100127702736,-0.0403162717819214,-0.009323139588038,-0.06229279380086647,0.016176645699907666
codeswitch,CS-W10,0,CS-B,R4_within_concept_ratio,3,0.9646407873285389,0.011933925720522305,0.9528512984789966,0.9767140872157812,0.9349952723969622,0.9942863022601155
codeswitch,CS-W10,0,CS-B,R4_shared_concept_ratio,3,0.9645767621982227,0.013078981217880897,0.9509542574765444,0.9770342764666048,0.9320867717236105,0.997066752672835
codeswitch,CS-W10,0,CS-B,R4_effective_rank_ratio,3,0.940645875473129,0.019230569379031538,0.9281882393608976,0.9627938730154232,0.8928744928602456,0.9884172580860123
codeswitch,CS-W25,0,CS-B,delta_R1_concept_dominance_vs_control,3,0.015124697895706363,0.007543503622094064,0.008518102581004383,0.0233442055422019,-0.0036144039306627088,0.033863799722075434
codeswitch,CS-W25,0,CS-B,delta_R2_mean_alignment_margin_vs_control,3,-0.0015854448588466681,0.0006509018803330071,-0.0023110107958415026,-0.0010528419529872018,-0.0032023747664310914,3.14850487377553e-05
codeswitch,CS-W25,0,CS-B,delta_R3_weak_language_tail_vs_control,3,-0.020385051449932034,0.004463271920360776,-0.023983785948678615,-0.015390746213565981,-0.03147243354509655,-0.009297669354767514
codeswitch,CS-W25,0,CS-B,delta_R4_within_concept_ratio_vs_control,3,0.005455786777135947,0.00713124873801598,0.0007236972908786221,0.013657943700817188,-0.0122592171448415,0.023170790699113392
codeswitch,CS-W25,0,CS-B,delta_R4_shared_concept_ratio_vs_control,3,0.004479779187692083,0.006849274977887849,-0.001620237735656005,0.011889250101764448,-0.01253476308302703,0.021494321458411198
codeswitch,CS-W25,0,CS-B,delta_R4_effective_rank_ratio_vs_control,3,-0.05396144631712833,0.0068156588395494955,-0.05984489050666686,-0.04649291311866055,-0.07089248147087772,-0.037030411163378935
codeswitch,CS-W25,0,CS-B,delta_lfs_vs_control,3,-0.015124697895706399,0.007543503622094088,-0.023344205542201957,-0.008518102581004383,-0.03386379972207553,0.003614403930662735
codeswitch,CS-W25,0,CS-B,delta_effective_rank_vs_control,3,-2.2114220104022784,0.2793160488062875,-2.452534487285412,-1.9053501789793756,-2.905281540739073,-1.5175624800654837
codeswitch,CS-W25,0,CS-B,delta_mexa_vs_control,3,-0.009629629629629533,0.004206598774666827,-0.0144444444444443,-0.0066666666666666,-0.020079400283982127,0.0008201410247230621
codeswitch,CS-W25,0,CS-B,delta_aar10_vs_control,3,-0.013049285444948365,0.0011206632583556928,-0.0142277839283148,-0.0119971732298533,-0.015833167307202745,-0.010265403582693986
codeswitch,CS-W25,0,CS-B,ppl_favorable_vs_control,3,-0.02245051427425095,0.033790304716392515,-0.06138039707270033,-0.0007199908745449549,-0.10639028451177662,0.06148925596327473
codeswitch,CS-W25,0,CS-B,delta_context_trained_vs_control,3,-0.027986316548453367,0.01646972535501306,-0.0432281204064686,-0.0105156727631886,-0.06889938240501191,0.012926749308105178
codeswitch,CS-W25,0,CS-B,delta_context_heldout_vs_control,3,-0.057168327040142436,0.01923929239149487,-0.0704292472203572,-0.0351021496454874,-0.10496137881724604,-0.009375275263038836
codeswitch,CS-W25,0,CS-B,R4_within_concept_ratio,3,0.9648132795005547,0.022605226141313117,0.9387954792297049,0.9796392654070776,0.9086587847602744,1.020967774240835
codeswitch,CS-W25,0,CS-B,R4_shared_concept_ratio,3,0.9618407922808713,0.024477909774898658,0.9336387678209072,0.9775704325278564,0.9010342935042235,1.022647291057519
codeswitch,CS-W25,0,CS-B,R4_effective_rank_ratio,3,0.9228051335196362,0.017218474983406087,0.9120765453623638,0.9426659419333776,0.8800320704745275,0.965578196564745
codeswitch,CS-W50,0,CS-B,delta_R1_concept_dominance_vs_control,3,0.0201922201082891,0.010154029539668841,0.008484256082434694,0.026591178881676503,-0.0050317875974291125,0.04541622781400731
codeswitch,CS-W50,0,CS-B,delta_R2_mean_alignment_margin_vs_control,3,0.003078476354699164,0.001593060906331528,0.0021167418097588,0.004917335913628695,-0.0008789063198341445,0.0070358590292324726
codeswitch,CS-W50,0,CS-B,delta_R3_weak_language_tail_vs_control,3,-0.01275052247563807,0.0034302371605932362,-0.014821723389152802,-0.008791033843897511,-0.0212717039665151,-0.00422934098476104
codeswitch,CS-W50,0,CS-B,delta_R4_within_concept_ratio_vs_control,3,0.012577869999499947,0.009381035240119464,0.0052070376131294616,0.023137654863725987,-0.010725913415739623,0.03588165341473952
codeswitch,CS-W50,0,CS-B,delta_R4_shared_concept_ratio_vs_control,3,0.01255632861541008,0.012515812297142407,0.0032298861584844074,0.02678033750915143,-0.018534672705109896,0.04364732993593006
codeswitch,CS-W50,0,CS-B,delta_R4_effective_rank_ratio_vs_control,3,-0.051663161067926976,0.010104038580008875,-0.06331240708983155,-0.04527916701092105,-0.07676298434550728,-0.026563337790346673
codeswitch,CS-W50,0,CS-B,delta_lfs_vs_control,3,-0.02019222010828914,0.010154029539668822,-0.026591178881676503,-0.008484256082434749,-0.0454162278140073,0.005031787597429026
codeswitch,CS-W50,0,CS-B,delta_effective_rank_vs_control,3,-2.117234790949387,0.4140788439670277,-2.5946385822790816,-1.8556090204136737,-3.145863662885861,-1.088605919012913
codeswitch,CS-W50,0,CS-B,delta_mexa_vs_control,3,0.002962962962962967,0.005010277503136491,-0.0022222222222221,0.0077777777777778,-0.009483256328912672,0.015409182254838607
codeswitch,CS-W50,0,CS-B,delta_aar10_vs_control,3,-0.008788841466108867,0.00287968909823795,-0.0110985152423381,-0.0055623712639013,-0.01594238575315806,-0.0016352971790596742
codeswitch,CS-W50,0,CS-B,ppl_favorable_vs_control,3,-0.022210157500073723,0.006334716654473123,-0.029511852542320725,-0.0181817226049845,-0.037946466034703294,-0.0064738489654441525
codeswitch,CS-W50,0,CS-B,delta_context_trained_vs_control,3,-0.03902412878142453,0.020975622898394983,-0.0606060918172199,-0.0187125953038533,-0.09113046465078127,0.013082207087932216
codeswitch,CS-W50,0,CS-B,delta_context_heldout_vs_control,3,-0.08804360946019486,0.03492975970964675,-0.1268338533242542,-0.0590789604187012,-0.1748139428173056,-0.0012732761030841144
codeswitch,CS-W50,0,CS-B,R4_within_concept_ratio,3,0.9719353627229189,0.012088827633839906,0.9599474147537188,0.9841226057293284,0.9419050501068477,1.00196567533899
codeswitch,CS-W50,0,CS-B,R4_shared_concept_ratio,3,0.9699173417085895,0.01258670270854464,0.9572487801330908,0.9824205564219968,0.9386502388437037,1.0011844445734752
codeswitch,CS-W50,0,CS-B,R4_effective_rank_ratio,3,0.9251034187688377,0.011684117777034143,0.912171549377996,0.9349000701696036,0.8960784611703748,0.9541283763673006
guard_sweep,A,0,B,delta_R1_concept_dominance_vs_control,3,0.012752376904914006,0.0029151505088783674,0.01016592123618959,0.015911291689090223,0.005510741590381088,0.019994012219446924
guard_sweep,A,0,B,delta_R2_mean_alignment_margin_vs_control,3,0.0073602711438266995,0.00225823789430094,0.004833989175539399,0.0091829324133815,0.0017504972284900795,0.01297004505916332
guard_sweep,A,0,B,delta_R3_weak_language_tail_vs_control,3,0.025746746522049262,0.008100413091313234,0.018665711791317596,0.034579796608763896,0.005624204881161988,0.04586928816293653
guard_sweep,A,0,B,delta_R4_within_concept_ratio_vs_control,3,0.038951510955696676,0.008943632661298289,0.02933372687644442,0.047018045890715565,0.01673429578172363,0.061168726129669726
guard_sweep,A,0,B,delta_R4_shared_concept_ratio_vs_control,3,0.04149916976524537,0.0104390376979663,0.030649893789852167,0.05147280941999799,0.015567162545343936,0.0674311769851468
guard_sweep,A,0,B,delta_R4_effective_rank_ratio_vs_control,3,-0.007971939160863398,0.009798632967032523,-0.019216180748543588,-0.0012596434448071125,-0.032313092837868915,0.016369214516142122
guard_sweep,A,0,B,delta_lfs_vs_control,3,-0.012752376904914042,0.002915150508878337,-0.015911291689090223,-0.010165921236189646,-0.019994012219446883,-0.0055107415903812
guard_sweep,A,0,B,delta_effective_rank_vs_control,3,-0.326702172182614,0.40156285818956744,-0.7875082667995343,-0.05162210113374499,-1.3242396118495683,0.6708352674843404
guard_sweep,A,0,B,delta_mexa_vs_control,3,0.027037037037036932,0.008981004187394233,0.0188888888888887,0.0366666666666666,0.004726985845743287,0.049347088228330574
guard_sweep,A,0,B,delta_aar10_vs_control,3,0.004965085536241486,0.0052879967443442265,1.9616136948258367e-05,0.0105393777290979,-0.008171026595996975,0.018101197668479948
guard_sweep,A,0,B,ppl_favorable_vs_control,3,0.3922499082537403,0.033168169350222966,0.36707243529949785,0.4298326159994267,0.30985560794113,0.4746442085663506
guard_sweep,A,0,B,delta_context_trained_vs_control,3,-0.007309426400396501,0.0036231247953008856,-0.0108273581663767,-0.0035895550251007,-0.016309767338781124,0.0016909145379881236
guard_sweep,A,0,B,delta_context_heldout_vs_control,3,-0.028334283034006664,0.0018019850900131314,-0.0301567196846008,-0.026553470691045,-0.0328106621521201,-0.02385790391589323
guard_sweep,A,0,B,R4_within_concept_ratio,3,1.0,0.0,1.0,1.0,1.0,1.0
guard_sweep,A,0,B,R4_shared_concept_ratio,3,1.0,0.0,1.0,1.0,1.0,1.0
guard_sweep,A,0,B,R4_effective_rank_ratio,3,1.0,0.0,1.0,1.0,1.0,1.0
guard_sweep,B,1,B,delta_R1_concept_dominance_vs_control,3,0.0,0.0,0.0,0.0,0.0,0.0
guard_sweep,B,1,B,delta_R2_mean_alignment_margin_vs_control,3,0.0,0.0,0.0,0.0,0.0,0.0
guard_sweep,B,1,B,delta_R3_weak_language_tail_vs_control,3,0.0,0.0,0.0,0.0,0.0,0.0
guard_sweep,B,1,B,delta_R4_within_concept_ratio_vs_control,3,0.0,0.0,0.0,0.0,0.0,0.0
guard_sweep,B,1,B,delta_R4_shared_concept_ratio_vs_control,3,0.0,0.0,0.0,0.0,0.0,0.0
guard_sweep,B,1,B,delta_R4_effective_rank_ratio_vs_control,3,0.0,0.0,0.0,0.0,0.0,0.0
guard_sweep,B,1,B,delta_lfs_vs_control,3,0.0,0.0,0.0,0.0,0.0,0.0
guard_sweep,B,1,B,delta_effective_rank_vs_control,3,0.0,0.0,0.0,0.0,0.0,0.0
guard_sweep,B,1,B,delta_mexa_vs_control,3,0.0,0.0,0.0,0.0,0.0,0.0
guard_sweep,B,1,B,delta_aar10_vs_control,3,0.0,0.0,0.0,0.0,0.0,0.0
guard_sweep,B,1,B,ppl_favorable_vs_control,3,0.0,0.0,-0.0,-0.0,0.0,0.0
guard_sweep,B,1,B,delta_context_trained_vs_control,3,0.0,0.0,0.0,0.0,0.0,0.0
guard_sweep,B,1,B,delta_context_heldout_vs_control,3,0.0,0.0,0.0,0.0,0.0,0.0
guard_sweep,B,1,B,R4_within_concept_ratio,3,0.9610484890443033,0.00894363266129829,0.9529819541092844,0.9706662731235556,0.9388312738703303,0.9832657042182763
guard_sweep,B,1,B,R4_shared_concept_ratio,3,0.9585008302347546,0.0104390376979663,0.948527190580002,0.9693501062101478,0.9325688230148532,0.984432837454656
guard_sweep,B,1,B,R4_effective_rank_ratio,3,1.0079719391608633,0.009798632967032523,1.0012596434448071,1.0192161807485436,0.9836307854838577,1.0323130928378688
guard_sweep,E_cvp10,0,B,delta_R1_concept_dominance_vs_control,3,0.3473780163909039,0.005051243864941516,0.3415782767128332,0.3508139173233179,0.33483003101475517,0.3599260017670526
guard_sweep,E_cvp10,0,B,delta_R2_mean_alignment_margin_vs_control,3,-0.04588506356778976,0.0042639504368830496,-0.0497305961075135,-0.0412995575542354,-0.05647730364908524,-0.03529282348649428
guard_sweep,E_cvp10,0,B,delta_R3_weak_language_tail_vs_control,3,-0.2562127542880268,0.012659355844999382,-0.2700269738633654,-0.24516622502975907,-0.28766033754905673,-0.2247651710269969
guard_sweep,E_cvp10,0,B,delta_R4_within_concept_ratio_vs_control,3,0.011475361864202468,0.02342087140577211,-0.008231735586248012,0.03736823569881276,-0.046705308036931,0.06965603176533594
guard_sweep,E_cvp10,0,B,delta_R4_shared_concept_ratio_vs_control,3,0.009017382740423815,0.025613196216797085,-0.01171813044772807,0.03764889278383576,-0.054609323900182714,0.07264408938103034
guard_sweep,E_cvp10,0,B,delta_R4_effective_rank_ratio_vs_control,3,1.844309278194521,0.04299887841974833,1.7956151207857407,1.8770565248164581,1.7374941427490567,1.9511244136399852
guard_sweep,E_cvp10,0,B,delta_lfs_vs_control,3,-0.3473780163909039,0.005051243864941535,-0.3508139173233179,-0.34157827671283314,-0.35992600176705264,-0.3348300310147551
guard_sweep,E_cvp10,0,B,delta_effective_rank_vs_control,3,75.58259479961166,1.7621593313346635,73.58703428703902,76.9246266927938,71.20514835053048,79.96004124869283
guard_sweep,E_cvp10,0,B,delta_mexa_vs_control,3,-0.0159259259259259,0.010905505084692938,-0.0222222222222222,-0.0033333333333333,-0.0430167023724966,0.011164850520644802
guard_sweep,E_cvp10,0,B,delta_aar10_vs_control,3,-0.15816798226700882,0.013970360219574287,-0.1734980084002018,-0.1461539821078379,-0.19287228093518993,-0.1234636835988277
guard_sweep,E_cvp10,0,B,ppl_favorable_vs_control,3,-0.05353965953893541,0.02312262186503574,-0.07755932969468522,-0.03143293255710485,-0.11097943650841344,0.003900117430542631
guard_sweep,E_cvp10,0,B,delta_context_trained_vs_control,3,-0.026257539060380666,0.013766315436088602,-0.0421038393179575,-0.0172469530502955,-0.06045496238701906,0.007939884266257722
guard_sweep,E_cvp10,0,B,delta_context_heldout_vs_control,3,-0.014396213293075534,0.02359111937876671,-0.0401040665308634,0.0062596762180329,-0.07299980260427394,0.04420737601812287
guard_sweep,E_cvp10,0,B,R4_within_concept_ratio,3,0.9725238509085058,0.019767072814683075,0.951265504313822,0.9903501898080972,0.9234197198786368,1.0216279819383747
guard_sweep,E_cvp10,0,B,R4_shared_concept_ratio,3,0.9675182129751785,0.020296302225932757,0.945907063466386,0.9861760833638378,0.9170994032066567,1.0179370227437001
guard_sweep,E_cvp10,0,B,R4_effective_rank_ratio,3,2.8522812173553844,0.049262294002709456,2.79905511407498,2.8962727055650017,2.7299068950559215,2.9746555396548473
guard_sweep,E_cvp100,0,B,delta_R1_concept_dominance_vs_control,3,0.3480246185809361,0.0034324580971743083,0.3441061678210126,0.35049966982337355,0.3394979199777426,0.3565513171841296
guard_sweep,E_cvp100,0,B,delta_R2_mean_alignment_margin_vs_control,3,-0.05064495402817976,0.0027796352576092013,-0.052655669200165706,-0.0474729999088647,-0.057549950796517625,-0.0437399572598419
guard_sweep,E_cvp100,0,B,delta_R3_weak_language_tail_vs_control,3,-0.2695534944365991,0.0030537029906925004,-0.272993023099136,-0.2671611723828601,-0.2771393131962631,-0.2619676756769351
guard_sweep,E_cvp100,0,B,delta_R4_within_concept_ratio_vs_control,3,0.05650370824533383,0.015249997339101954,0.039675048398473134,0.06940797966744883,0.01862061475117848,0.09438680173948918
guard_sweep,E_cvp100,0,B,delta_R4_shared_concept_ratio_vs_control,3,0.052419289124431646,0.01312853441645662,0.03730866761305418,0.061028285829067386,0.019806201680499645,0.08503237656836365
guard_sweep,E_cvp100,0,B,delta_R4_effective_rank_ratio_vs_control,3,1.7819003531080313,0.09788092529698933,1.6689791666626865,1.84251784130491,1.5387506553167631,2.0250500508992992
guard_sweep,E_cvp100,0,B,delta_lfs_vs_control,3,-0.3480246185809361,0.00343245809717436,-0.3504996698233736,-0.34410616782101255,-0.3565513171841297,-0.3394979199777425
guard_sweep,E_cvp100,0,B,delta_effective_rank_vs_control,3,73.02498228176475,4.011308950620107,68.39730059068468,75.50917899558274,63.0603384440477,82.9896261194818
guard_sweep,E_cvp100,0,B,delta_mexa_vs_control,3,-0.024814814814814734,0.003394500514782058,-0.0277777777777777,-0.0211111111111111,-0.03324722155614075,-0.016382408073488716
guard_sweep,E_cvp100,0,B,delta_aar10_vs_control,3,-0.1678166242523326,0.008189191004341161,-0.1771404817700386,-0.1617901039620241,-0.18815970245494304,-0.14747354604972215
guard_sweep,E_cvp100,0,B,ppl_favorable_vs_control,3,-0.050493307255415336,0.01824968023983979,-0.06282450537743792,-0.029528823320435698,-0.09582802616658617,-0.0051585883442445
guard_sweep,E_cvp100,0,B,delta_context_trained_vs_control,3,-0.030470101767116065,0.010687474207944301,-0.0404892961184183,-0.0192208000024159,-0.05701925949042949,-0.003920944043802638
guard_sweep,E_cvp100,0,B,delta_context_heldout_vs_control,3,-0.023238290680779265,0.01852725720452875,-0.0407881963253021,-0.0038680620988209,-0.06926254899784713,0.0227859676362886
guard_sweep,E_cvp100,0,B,R4_within_concept_ratio,3,1.0175521972896373,0.009951010548947472,1.0103413215220287,1.0289052195675188,0.9928325167149715,1.042271877864303
guard_sweep,E_cvp100,0,B,R4_shared_concept_ratio,3,1.0109201193591861,0.00670890511598602,1.006658773823202,1.0186534797431814,0.9942542751560105,1.0275859635623616
guard_sweep,E_cvp100,0,B,R4_effective_rank_ratio,3,2.7898722922688948,0.1018315980550249,2.672419159951926,2.853420232105041,2.536908579292606,3.0428360052451837
guard_sweep,E_cvp1k,0,B,delta_R1_concept_dominance_vs_control,3,0.34865072055147034,0.009659419945226053,0.33945799990915687,0.3587174381802002,0.324655391191901,0.37264604991103967
guard_sweep,E_cvp1k,0,B,delta_R2_mean_alignment_margin_vs_control,3,-0.05193773310298127,0.0041241884876908755,-0.0565090460696313,-0.0484961120861584,-0.06218278525562074,-0.0416926809503418
guard_sweep,E_cvp1k,0,B,delta_R3_weak_language_tail_vs_control,3,-0.27335772614898146,0.008813126669338242,-0.2833904764814648,-0.2668651591712389,-0.2952507464667172,-0.25146470583124575
guard_sweep,E_cvp1k,0,B,delta_R4_within_concept_ratio_vs_control,3,0.06082986266045176,0.023538604732680844,0.03731432125922618,0.08439146313011914,0.0023567269620144785,0.11930299835888905
guard_sweep,E_cvp1k,0,B,delta_R4_shared_concept_ratio_vs_control,3,0.05481145263033301,0.022220317508577888,0.03157458355197662,0.07585211868643471,-0.0003868760597914578,0.11000978132045748
guard_sweep,E_cvp1k,0,B,delta_R4_effective_rank_ratio_vs_control,3,1.7692051999150367,0.11638349741903711,1.6380999323895895,1.8603249041356313,1.4800925649510093,2.058317834879064
guard_sweep,E_cvp1k,0,B,delta_lfs_vs_control,3,-0.34865072055147023,0.009659419945226103,-0.3587174381802002,-0.33945799990915676,-0.37264604991103967,-0.3246553911919008
guard_sweep,E_cvp1k,0,B,delta_effective_rank_vs_control,3,72.50471562635624,4.769572452292844,67.13182268013026,76.23893947036777,60.65644082869009,84.35299042402241
guard_sweep,E_cvp1k,0,B,delta_mexa_vs_control,3,-0.03185185185185183,0.004625924443258026,-0.0355555555555555,-0.0266666666666667,-0.04334328521305675,-0.02036041849064692
guard_sweep,E_cvp1k,0,B,delta_aar10_vs_control,3,-0.16925577322642008,0.005932549593983889,-0.1755166345586379,-0.1637177802622318,-0.18399304339966457,-0.15451850305317558
guard_sweep,E_cvp1k,0,B,ppl_favorable_vs_control,3,-0.04104638589092241,0.025926441609061112,-0.058697139324044106,-0.011280174617438755,-0.10545123722348403,0.023358465441639206
guard_sweep,E_cvp1k,0,B,delta_context_trained_vs_control,3,-0.033762081861495895,0.015481821602809911,-0.0493954310814539,-0.0184363730748494,-0.07222105875162693,0.004696895028635149
guard_sweep,E_cvp1k,0,B,delta_context_heldout_vs_control,3,-0.025528991884655388,0.023685906487573127,-0.0469599147637685,-9.759267171216555e-05,-0.0843680454274276,0.03331006165811683
guard_sweep,E_cvp1k,0,B,R4_within_concept_ratio,3,1.0218783517047552,0.019279748513848467,1.0079805943827818,1.043888703030189,0.9739848013484418,1.0697719020610685
guard_sweep,E_cvp1k,0,B,R4_shared_concept_ratio,3,1.0133122828650876,0.01761490005207428,1.0009246897621245,1.0334773126005488,0.969554445357017,1.057070120373158
guard_sweep,E_cvp1k,0,B,R4_effective_rank_ratio,3,2.7771771390758997,0.11863085007261287,2.641539925678829,2.8615845475804385,2.4824817706335227,3.0718725075182767
guard_sweep,G_tail,0,B,delta_R1_concept_dominance_vs_control,3,0.3467788160686103,0.007576037802297295,0.33965434777007525,0.354737391012131,0.32795889485827745,0.3655987372789431
guard_sweep,G_tail,0,B,delta_R2_mean_alignment_margin_vs_control,3,-0.04499877238045857,0.001642214841360642,-0.0468758198597109,-0.0438270338135604,-0.04907826019867862,-0.04091928456223851
guard_sweep,G_tail,0,B,delta_R3_weak_language_tail_vs_control,3,-0.24844098522479582,0.008446471077509475,-0.25691695304838624,-0.2400243232022461,-0.26942318255964554,-0.22745878788994608
guard_sweep,G_tail,0,B,delta_R4_within_concept_ratio_vs_control,3,0.060777789810465145,0.02229231862379212,0.03900307770768374,0.08355396011119998,0.005400600434748923,0.11615497918618137
guard_sweep,G_tail,0,B,delta_R4_shared_concept_ratio_vs_control,3,0.05637584666930995,0.019193268307697787,0.03648986794443476,0.07479187774925578,0.008697125054415437,0.10405456828420445
guard_sweep,G_tail,0,B,delta_R4_effective_rank_ratio_vs_control,3,1.7125265012930797,0.11580322610023168,1.5803483464577566,1.7961395255683523,1.424855340195144,2.0001976623910154
guard_sweep,G_tail,0,B,delta_lfs_vs_control,3,-0.34677881606861033,0.007576037802297293,-0.354737391012131,-0.33965434777007525,-0.36559873727894315,-0.3279588948582775
guard_sweep,G_tail,0,B,delta_effective_rank_vs_control,3,70.18193649036101,4.745792052507614,64.76507499299947,73.6085251913378,58.39273548060184,81.97113750012018
guard_sweep,G_tail,0,B,delta_mexa_vs_control,3,-0.0177777777777778,0.0069388866648870395,-0.0233333333333333,-0.0100000000000001,-0.035014927819585165,-0.0005406277359704288
guard_sweep,G_tail,0,B,delta_aar10_vs_control,3,-0.15622546296152803,0.006881049745465558,-0.1631472023824851,-0.1493858378380537,-0.17331893813066904,-0.13913198779238703
guard_sweep,G_tail,0,B,ppl_favorable_vs_control,3,-0.0380886345998031,0.02702546914422902,-0.06321108341028668,-0.00949547622547483,-0.10522362167872734,0.029046352479121136
guard_sweep,G_tail,0,B,delta_context_trained_vs_control,3,-0.0322192380163404,0.01347429515276976,-0.047018567919731,-0.0206612674395243,-0.06569124274459043,0.0012527667119096308
guard_sweep,G_tail,0,B,delta_context_heldout_vs_control,3,-0.023507183525297303,0.023943943513141358,-0.048375570376714,-0.0006094853083291,-0.08298723657431144,0.035972869523716824
guard_sweep,G_tail,0,B,R4_within_concept_ratio,3,1.0218262788547685,0.026601112519624708,0.9919850318169682,1.04305120001127,0.955745452070255,1.0879071056392822
guard_sweep,G_tail,0,B,R4_shared_concept_ratio,3,1.0148766769040645,0.025990628394642393,0.9850170585244368,1.0324170716633698,0.9503123767568443,1.0794409770512845
guard_sweep,G_tail,0,B,R4_effective_rank_ratio,3,2.720498440453943,0.12132438400168613,2.583788339746996,2.815355706316896,2.4191119628004762,3.02188491810741
original,A,0,B,delta_R1_concept_dominance_vs_control,3,0.012752376904914006,0.0029151505088783674,0.01016592123618959,0.015911291689090223,0.005510741590381088,0.019994012219446924
original,A,0,B,delta_R2_mean_alignment_margin_vs_control,3,0.0073602711438266995,0.00225823789430094,0.004833989175539399,0.0091829324133815,0.0017504972284900795,0.01297004505916332
original,A,0,B,delta_R3_weak_language_tail_vs_control,3,0.025746746522049262,0.008100413091313234,0.018665711791317596,0.034579796608763896,0.005624204881161988,0.04586928816293653
original,A,0,B,delta_R4_within_concept_ratio_vs_control,3,0.038951510955696676,0.008943632661298289,0.02933372687644442,0.047018045890715565,0.01673429578172363,0.061168726129669726
original,A,0,B,delta_R4_shared_concept_ratio_vs_control,3,0.04149916976524537,0.0104390376979663,0.030649893789852167,0.05147280941999799,0.015567162545343936,0.0674311769851468
original,A,0,B,delta_R4_effective_rank_ratio_vs_control,3,-0.007971939160863398,0.009798632967032523,-0.019216180748543588,-0.0012596434448071125,-0.032313092837868915,0.016369214516142122
original,A,0,B,delta_lfs_vs_control,3,-0.012752376904914042,0.002915150508878337,-0.015911291689090223,-0.010165921236189646,-0.019994012219446883,-0.0055107415903812
original,A,0,B,delta_effective_rank_vs_control,3,-0.326702172182614,0.40156285818956744,-0.7875082667995343,-0.05162210113374499,-1.3242396118495683,0.6708352674843404
original,A,0,B,delta_mexa_vs_control,3,0.027037037037036932,0.008981004187394233,0.0188888888888887,0.0366666666666666,0.004726985845743287,0.049347088228330574
original,A,0,B,delta_aar10_vs_control,3,0.004965085536241486,0.0052879967443442265,1.9616136948258367e-05,0.0105393777290979,-0.008171026595996975,0.018101197668479948
original,A,0,B,ppl_favorable_vs_control,3,0.3922499082537403,0.033168169350222966,0.36707243529949785,0.4298326159994267,0.30985560794113,0.4746442085663506
original,A,0,B,delta_context_trained_vs_control,3,-0.0004130531240392338,0.01915420472050572,-0.0224387288093566,0.0123421298133002,-0.04799473540883368,0.04716862916075521
original,A,0,B,delta_context_heldout_vs_control,3,0.009188526206546399,0.015413264908242031,-0.0013530678219264,0.0268780522876316,-0.029100146413215622,0.04747719882630842
original,A,0,B,R4_within_concept_ratio,3,1.0,0.0,1.0,1.0,1.0,1.0
original,A,0,B,R4_shared_concept_ratio,3,1.0,0.0,1.0,1.0,1.0,1.0
original,A,0,B,R4_effective_rank_ratio,3,1.0,0.0,1.0,1.0,1.0,1.0
original,B,1,B,delta_R1_concept_dominance_vs_control,3,0.0,0.0,0.0,0.0,0.0,0.0
original,B,1,B,delta_R2_mean_alignment_margin_vs_control,3,0.0,0.0,0.0,0.0,0.0,0.0
original,B,1,B,delta_R3_weak_language_tail_vs_control,3,0.0,0.0,0.0,0.0,0.0,0.0
original,B,1,B,delta_R4_within_concept_ratio_vs_control,3,0.0,0.0,0.0,0.0,0.0,0.0
original,B,1,B,delta_R4_shared_concept_ratio_vs_control,3,0.0,0.0,0.0,0.0,0.0,0.0
original,B,1,B,delta_R4_effective_rank_ratio_vs_control,3,0.0,0.0,0.0,0.0,0.0,0.0
original,B,1,B,delta_lfs_vs_control,3,0.0,0.0,0.0,0.0,0.0,0.0
original,B,1,B,delta_effective_rank_vs_control,3,0.0,0.0,0.0,0.0,0.0,0.0
original,B,1,B,delta_mexa_vs_control,3,0.0,0.0,0.0,0.0,0.0,0.0
original,B,1,B,delta_aar10_vs_control,3,0.0,0.0,0.0,0.0,0.0,0.0
original,B,1,B,ppl_favorable_vs_control,3,0.0,0.0,-0.0,-0.0,0.0,0.0
original,B,1,B,delta_context_trained_vs_control,3,0.0,0.0,0.0,0.0,0.0,0.0
original,B,1,B,delta_context_heldout_vs_control,3,0.0,0.0,0.0,0.0,0.0,0.0
original,B,1,B,R4_within_concept_ratio,3,0.9610484890443033,0.00894363266129829,0.9529819541092844,0.9706662731235556,0.9388312738703303,0.9832657042182763
original,B,1,B,R4_shared_concept_ratio,3,0.9585008302347546,0.0104390376979663,0.948527190580002,0.9693501062101478,0.9325688230148532,0.984432837454656
original,B,1,B,R4_effective_rank_ratio,3,1.0079719391608633,0.009798632967032523,1.0012596434448071,1.0192161807485436,0.9836307854838577,1.0323130928378688
original,C,0,B,delta_R1_concept_dominance_vs_control,3,0.06396882154142446,0.0028103097606437424,0.061895642273462115,0.06716742106042878,0.05698762508330929,0.07095001799953962
original,C,0,B,delta_R2_mean_alignment_margin_vs_control,3,-0.016087286576054502,0.003441742814316152,-0.020055932681212904,-0.013921360470348004,-0.02463704969524297,-0.007537523456866035
original,C,0,B,delta_R3_weak_language_tail_vs_control,3,-0.06230786330807913,0.01294246415739055,-0.07539016334777038,-0.04950992116135572,-0.09445872660442996,-0.030157000011728302
original,C,0,B,delta_R4_within_concept_ratio_vs_control,3,0.0042493196218756175,0.02289526631597378,-0.022174171745363958,0.018197643647170803,-0.0526256748542019,0.06112431409795313
original,C,0,B,delta_R4_shared_concept_ratio_vs_control,3,-0.025616775758412185,0.030652712326016494,-0.059596107751185845,-4.5587698010440825e-05,-0.10176233441490394,0.05052878289807956
original,C,0,B,delta_R4_effective_rank_ratio_vs_control,3,0.08120766125277619,0.008151713129953548,0.07229762005614648,0.08829114173452624,0.06095768325128827,0.10145763925426411
original,C,0,B,delta_lfs_vs_control,3,-0.06396882154142447,0.0028103097606437736,-0.06716742106042883,-0.061895642273462115,-0.0709500179995397,-0.05698762508330923
original,C,0,B,delta_effective_rank_vs_control,3,3.328013271776937,0.3340695824222724,2.9628662536629307,3.618305058167124,2.498138423733085,4.157888119820789
original,C,0,B,delta_mexa_vs_control,3,0.012592592592592567,0.01912703901285235,-0.001111111111111,0.0344444444444444,-0.03492160633335376,0.06010679151853889
original,C,0,B,delta_aar10_vs_control,3,-0.042448254509104576,0.004800688992744001,-0.0465670845781763,-0.037175890058279,-0.054373827078364655,-0.030522681939844497
original,C,0,B,ppl_favorable_vs_control,3,-0.030098571170329814,0.007049883351313065,-0.03625874467238415,-0.022409791319782803,-0.0476114522667674,-0.012585690073892226
original,C,0,B,delta_context_trained_vs_control,3,-0.005272519146954534,0.007304266872968231,-0.0099183758099873,0.0031466643015543,-0.023417323942783574,0.012872285648874503
original,C,0,B,delta_context_heldout_vs_control,3,-0.010827962115958835,0.005543120851173796,-0.0171035793092515,-0.0065998964839512,-0.024597837663149248,0.002941913431231581
original,C,0,B,R4_within_concept_ratio,3,0.965297808666179,0.0147709043247576,0.9484921013781916,0.97622172686389,0.9286048481963926,1.0019907691359653
original,C,0,B,R4_shared_concept_ratio,3,0.9328840544763425,0.020433081981856237,0.909753998458962,0.9484816028819916,0.8821254649579272,0.9836426439947578
original,C,0,B,R4_effective_rank_ratio,3,1.0891796004136396,0.017135955119486096,1.0735572635009536,1.1075073224830698,1.046611528074463,1.1317476727528162
original,D,0,B,delta_R1_concept_dominance_vs_control,3,0.36776109802310236,0.0012144015950878101,0.3668187496574662,0.3691315807750384,0.364744357223535,0.37077783882266974
original,D,0,B,delta_R2_mean_alignment_margin_vs_control,3,-0.0171064482447534,0.0028328238486456515,-0.020285812787821003,-0.014850716587536401,-0.024143572797919774,-0.010069323691587029
original,D,0,B,delta_R3_weak_language_tail_vs_control,3,-0.21329743953705593,0.01588086006768473,-0.2306073274132734,-0.19940059205405358,-0.25274768292622146,-0.1738471961478904
original,D,0,B,delta_R4_within_concept_ratio_vs_control,3,-0.6210523355772748,0.03684401835713587,-0.6633106719754438,-0.5956621296706179,-0.7125779510306575,-0.5295267201238921
original,D,0,B,delta_R4_shared_concept_ratio_vs_control,3,-0.6559456606291766,0.04069197600525432,-0.7022913113016873,-0.6260722824039129,-0.7570301327894684,-0.5548611884688848
original,D,0,B,delta_R4_effective_rank_ratio_vs_control,3,4.091175981809804,0.23957122801478986,3.8977997860016824,4.359178435398374,3.4960480596479275,4.68630390397168
original,D,0,B,delta_lfs_vs_control,3,-0.3677610980231025,0.0012144015950878394,-0.3691315807750385,-0.3668187496574663,-0.3707778388226699,-0.36474435722353504
original,D,0,B,delta_effective_rank_vs_control,3,167.66260417544774,9.817992712379233,159.737754029943,178.6457516845881,143.27335822493657,192.0518501259589
original,D,0,B,delta_mexa_vs_control,3,0.08259259259259248,0.0032075014954978894,0.0788888888888888,0.0844444444444444,0.0746247171671306,0.09056046801805437
original,D,0,B,delta_aar10_vs_control,3,-0.08482983016357237,0.011084621967020406,-0.0975495693661893,-0.0772350435145199,-0.11236555761234389,-0.05729410271480086
original,D,0,B,ppl_favorable_vs_control,3,-0.0730553509364521,0.02277044558634869,-0.09759773644372127,-0.05261429420535103,-0.12962027353085975,-0.016490428342044464
original,D,0,B,delta_context_trained_vs_control,3,0.005174168392464001,0.014852083057576054,-0.0060221831003824,0.0220224844084845,-0.031720451228908826,0.04206878801383682
original,D,0,B,delta_context_heldout_vs_control,3,0.005443592866261834,0.007838273748105529,-0.0028931803173488,0.0126635683907403,-0.014027758546429719,0.024914944278953386
original,D,0,B,R4_within_concept_ratio,3,0.33999615346702855,0.028285350323304558,0.3073556011481118,0.3573198244386665,0.2697314480388383,0.4102608588952188
original,D,0,B,R4_shared_concept_ratio,3,0.30255516960557804,0.030815963965764685,0.2670587949084605,0.3224549081760891,0.22600407139428275,0.37910626781687334
original,D,0,B,R4_effective_rank_ratio,3,5.099147920970666,0.23606933210482245,4.901239779290922,5.360438078843181,4.512719190501364,5.685576651439969
original,E,0,B,delta_R1_concept_dominance_vs_control,3,0.3542136638029217,0.00469058805431488,0.34880872161745285,0.3572187340927564,0.3425615971269125,0.3658657304789309
original,E,0,B,delta_R2_mean_alignment_margin_vs_control,3,-0.04204199975947707,0.0033279676564700383,-0.0444384346877241,-0.0382422071093328,-0.05030912971839965,-0.03377486980055448
original,E,0,B,delta_R3_weak_language_tail_vs_control,3,-0.25448847446712325,0.008600497557967123,-0.2599559340766195,-0.2445750007735937,-0.275853294790686,-0.2331236541435605
original,E,0,B,delta_R4_within_concept_ratio_vs_control,3,-0.08432163527655408,0.011801505414745448,-0.09790921734294245,-0.07662854437894473,-0.11363819993274896,-0.05500507062035919
original,E,0,B,delta_R4_shared_concept_ratio_vs_control,3,-0.0900686827006908,0.014169534789737034,-0.10526775234460184,-0.07722348990025207,-0.12526775842983484,-0.05486960697154675
original,E,0,B,delta_R4_effective_rank_ratio_vs_control,3,2.0782731828579184,0.06717389635892168,2.0010765447049907,2.123416854900695,1.9114039736675128,2.245142392048324
original,E,0,B,delta_lfs_vs_control,3,-0.3542136638029217,0.00469058805431488,-0.3572187340927564,-0.34880872161745285,-0.3658657304789309,-0.3425615971269125
original,E,0,B,delta_effective_rank_vs_control,3,85.1707908863438,2.752888276188571,82.00715543192757,87.02084711721415,78.33223730322841,92.00934446945918
original,E,0,B,delta_mexa_vs_control,3,0.00037037037037033316,0.00641500299099572,-0.0033333333333333,0.0077777777777776,-0.015565380480553299,0.016306121221293966
original,E,0,B,delta_aar10_vs_control,3,-0.14732644675920403,0.014760707772733597,-0.1642248642941316,-0.1369508144756158,-0.18399407758957778,-0.11065881592883028
original,E,0,B,ppl_favorable_vs_control,3,-0.059338971919568384,0.017508694334224122,-0.07105491146205763,-0.03921191150571991,-0.10283297979872386,-0.015844964040412905
original,E,0,B,delta_context_trained_vs_control,3,-0.0025692599791067336,0.007063238025643885,-0.0073817080921596,0.0055395589934454,-0.020115315925677654,0.014976795967464186
original,E,0,B,delta_context_heldout_vs_control,3,-0.0015895366668699665,0.010384579976831404,-0.010150803460015,0.0099621375401816,-0.02738626340800423,0.024207190074264293
original,E,0,B,R4_within_concept_ratio,3,0.8767268537677492,0.004169083100126816,0.8727570557806131,0.8810700957922949,0.8663702772153031,0.8870834303201952
original,E,0,B,R4_shared_concept_ratio,3,0.8684321475340638,0.0038309083433645027,0.864082353865546,0.8713037006797499,0.8589156436480531,0.8779486514200746
original,E,0,B,R4_effective_rank_ratio,3,3.086245122018782,0.07246139601979869,3.0045165379942302,3.1426330356492387,2.906241035519925,3.2662492085176393
original,F,0,B,delta_R1_concept_dominance_vs_control,3,0.40383662635879886,0.0077447931746481595,0.39490503896743206,0.40869213959576867,0.3845974935639488,0.4230757591536489
original,F,0,B,delta_R2_mean_alignment_margin_vs_control,3,-0.043929924326364,0.001825095229227324,-0.045921513555216,-0.0423373451164692,-0.04846371221282321,-0.03939613643990479
original,F,0,B,delta_R3_weak_language_tail_vs_control,3,-0.3197415443227767,0.01718803790896337,-0.3338033614942796,-0.30058101824361755,-0.3624389974834269,-0.27704409116212647
original,F,0,B,delta_R4_within_concept_ratio_vs_control,3,0.04445511106771679,0.006118712158794029,0.03905759319700042,0.05110212773385281,0.029255387446711266,0.05965483468872231
original,F,0,B,delta_R4_shared_concept_ratio_vs_control,3,0.028662342883953123,0.02070928220062906,0.011885255269417305,0.051807965251896015,-0.022782366013909396,0.08010705178181564
original,F,0,B,delta_R4_effective_rank_ratio_vs_control,3,2.0055208500573274,0.14505728753985855,1.8518934449461275,2.1401323204549527,1.6451785717153535,2.3658631283993015
original,F,0,B,delta_lfs_vs_control,3,-0.40383662635879886,0.0077447931746481595,-0.40869213959576867,-0.39490503896743206,-0.4230757591536489,-0.3845974935639488
original,F,0,B,delta_effective_rank_vs_control,3,82.18928981393331,5.944667912525393,75.89340546963146,87.70587227802181,67.42191606859687,96.95666355926976
original,F,0,B,delta_mexa_vs_control,3,0.0588888888888888,0.006666666666666703,0.0522222222222221,0.0655555555555555,0.04232797081055318,0.07544980696722442
original,F,0,B,delta_aar10_vs_control,3,-0.1430386760168605,0.004567322024418998,-0.1479756602396567,-0.1389639241000016,-0.15438453289942758,-0.1316928191342934
original,F,0,B,ppl_favorable_vs_control,3,-0.06401494542169943,0.010862892727834554,-0.07550581750537605,-0.0539137852742873,-0.09099986690561165,-0.0370300239377872
original,F,0,B,delta_context_trained_vs_control,3,-0.0061716852364716674,0.020387160826627695,-0.0296960234642028,0.0063588976860046,-0.056816200281416554,0.044472829808473224
original,F,0,B,delta_context_heldout_vs_control,3,-0.004908787762677167,0.0244086693010502,-0.0255345490243699,0.0220388942294651,-0.06554328366705854,0.0557257081417042
original,F,0,B,R4_within_concept_ratio,3,1.0055036001120201,0.015061020056162883,0.9920395473062849,1.0217684008574084,0.9680899522130778,1.0429172480109623
original,F,0,B,R4_shared_concept_ratio,3,0.9871631731187077,0.029447737095505442,0.9695104491835314,1.0211580714620438,0.9140109388740535,1.0603154073633618
original,F,0,B,R4_effective_rank_ratio,3,3.0134927892181906,0.15238052459981496,2.855333438235367,3.159348501203496,2.6349585815234913,3.39202699691289
wordalign,WA-A,0,WA-B,delta_R1_concept_dominance_vs_control,3,0.013229568764105712,0.004560064998285171,0.01039268052984349,0.01848965857654944,0.001901739333832815,0.024557398194378608
wordalign,WA-A,0,WA-B,delta_R2_mean_alignment_margin_vs_control,3,0.004229010389375669,0.0006784698689898559,0.0037716802781935024,0.005008545883619701,0.002543597801531662,0.005914422977219676
wordalign,WA-A,0,WA-B,delta_R3_weak_language_tail_vs_control,3,-0.00021039312227857007,0.0024842885598828756,-0.0028379765342299024,0.0021001652106933943,-0.006381708020753539,0.0059609217761964
wordalign,WA-A,0,WA-B,delta_R4_within_concept_ratio_vs_control,3,-0.011473803377777925,0.004503288698911624,-0.015638810683184845,-0.006695164580988511,-0.022660592661643365,-0.0002870140939124823
wordalign,WA-A,0,WA-B,delta_R4_shared_concept_ratio_vs_control,3,-0.013285528142907177,0.0049500250653932345,-0.018262739113754423,-0.00836314445029629,-0.0255820720819599,-0.0009889842038544507
wordalign,WA-A,0,WA-B,delta_R4_effective_rank_ratio_vs_control,3,0.06188917254069026,0.005952756913003489,0.05771365663051642,0.06870547308607122,0.04710170460421582,0.07667664047716471
wordalign,WA-A,0,WA-B,delta_lfs_vs_control,3,-0.013229568764105748,0.004560064998285185,-0.018489658576549495,-0.010392680529843545,-0.02455739819437868,-0.001901739333832815
wordalign,WA-A,0,WA-B,delta_effective_rank_vs_control,3,2.5363122692770355,0.2439530175419198,2.3651932867672585,2.8156546161627105,1.9302993785058626,3.142325160048208
wordalign,WA-A,0,WA-B,delta_mexa_vs_control,3,0.04962962962962957,0.004206598774666885,0.0466666666666666,0.0544444444444444,0.03917985897527683,0.060079400283982315
wordalign,WA-A,0,WA-B,delta_aar10_vs_control,3,0.005153362121846867,0.00242576126358998,0.0023599875470002,0.0067292464276154,-0.0008725629127401355,0.011179287156433869
wordalign,WA-A,0,WA-B,ppl_favorable_vs_control,3,0.6285885726791591,0.04247650834040625,0.5809936785905216,0.6626475158771163,0.5230710764472786,0.7341060689110397
wordalign,WA-A,0,WA-B,delta_context_trained_vs_control,3,-0.0033315580421023664,0.0102567644516869,-0.0126524893442789,0.0076567347844441,-0.028810773417077988,0.022147657332873258
wordalign,WA-A,0,WA-B,delta_context_heldout_vs_control,3,-0.008358114295535566,0.011513088211317659,-0.0190419749418893,0.0038352787494659,-0.03695821089997792,0.020241982308906788
wordalign,WA-A,0,WA-B,R4_within_concept_ratio,3,1.0,0.0,1.0,1.0,1.0,1.0
wordalign,WA-A,0,WA-B,R4_shared_concept_ratio,3,1.0,0.0,1.0,1.0,1.0,1.0
wordalign,WA-A,0,WA-B,R4_effective_rank_ratio,3,1.0,0.0,1.0,1.0,1.0,1.0
wordalign,WA-B,1,WA-B,delta_R1_concept_dominance_vs_control,3,0.0,0.0,0.0,0.0,0.0,0.0
wordalign,WA-B,1,WA-B,delta_R2_mean_alignment_margin_vs_control,3,0.0,0.0,0.0,0.0,0.0,0.0
wordalign,WA-B,1,WA-B,delta_R3_weak_language_tail_vs_control,3,0.0,0.0,0.0,0.0,0.0,0.0
wordalign,WA-B,1,WA-B,delta_R4_within_concept_ratio_vs_control,3,0.0,0.0,0.0,0.0,0.0,0.0
wordalign,WA-B,1,WA-B,delta_R4_shared_concept_ratio_vs_control,3,0.0,0.0,0.0,0.0,0.0,0.0
wordalign,WA-B,1,WA-B,delta_R4_effective_rank_ratio_vs_control,3,0.0,0.0,0.0,0.0,0.0,0.0
wordalign,WA-B,1,WA-B,delta_lfs_vs_control,3,0.0,0.0,0.0,0.0,0.0,0.0
wordalign,WA-B,1,WA-B,delta_effective_rank_vs_control,3,0.0,0.0,0.0,0.0,0.0,0.0
wordalign,WA-B,1,WA-B,delta_mexa_vs_control,3,0.0,0.0,0.0,0.0,0.0,0.0
wordalign,WA-B,1,WA-B,delta_aar10_vs_control,3,0.0,0.0,0.0,0.0,0.0,0.0
wordalign,WA-B,1,WA-B,ppl_favorable_vs_control,3,0.0,0.0,-0.0,-0.0,0.0,0.0
wordalign,WA-B,1,WA-B,delta_context_trained_vs_control,3,0.0,0.0,0.0,0.0,0.0,0.0
wordalign,WA-B,1,WA-B,delta_context_heldout_vs_control,3,0.0,0.0,0.0,0.0,0.0,0.0
wordalign,WA-B,1,WA-B,R4_within_concept_ratio,3,1.011473803377778,0.004503288698911624,1.0066951645809885,1.0156388106831848,1.0002870140939124,1.0226605926616434
wordalign,WA-B,1,WA-B,R4_shared_concept_ratio,3,1.0132855281429072,0.0049500250653932345,1.0083631444502963,1.0182627391137544,1.0009889842038544,1.02558207208196
wordalign,WA-B,1,WA-B,R4_effective_rank_ratio,3,0.9381108274593098,0.005952756913003489,0.9312945269139288,0.9422863433694836,0.9233233595228354,0.9528982953957843
wordalign,WA-C,0,WA-B,delta_R1_concept_dominance_vs_control,3,-0.03127583230687594,0.0025978428818790584,-0.03427465438802296,-0.029712489794018027,-0.03772923177895386,-0.02482243283479801
wordalign,WA-C,0,WA-B,delta_R2_mean_alignment_margin_vs_control,3,0.0054046786212955346,0.0022436394002488414,0.0034139440099923007,0.007835890465491803,-0.00016883062443150566,0.010978187867022576
wordalign,WA-C,0,WA-B,delta_R3_weak_language_tail_vs_control,3,-0.019729461986387198,0.019300089815634098,-0.039725601940722194,-0.0012102854445457945,-0.06767354293757233,0.02821461896479794
wordalign,WA-C,0,WA-B,delta_R4_within_concept_ratio_vs_control,3,-0.9256640065576113,0.005158683356930957,-0.9311692280118804,-0.9209412647354306,-0.9384788864275423,-0.9128491266876803
wordalign,WA-C,0,WA-B,delta_R4_shared_concept_ratio_vs_control,3,-0.9548038460442503,0.0035560784485055424,-0.9581803002643136,-0.951091918954778,-0.9636376346241255,-0.945970057464375
wordalign,WA-C,0,WA-B,delta_R4_effective_rank_ratio_vs_control,3,4.61716232453356,0.10160909973114397,4.4998359677436595,4.676376547373409,4.364751328034425,4.869573321032695
wordalign,WA-C,0,WA-B,delta_lfs_vs_control,3,0.03127583230687592,0.0025978428818790276,0.02971248979401797,0.03427465438802291,0.024822432834798066,0.037729231778953765
wordalign,WA-C,0,WA-B,delta_effective_rank_vs_control,3,189.21832320926282,4.16409520015566,184.41011094822227,191.64501197789468,178.8741372872376,199.56250913128804
wordalign,WA-C,0,WA-B,delta_mexa_vs_control,3,0.09296296296296291,0.004490502093697102,0.0877777777777777,0.0955555555555555,0.08180793736731613,0.1041179885586097
wordalign,WA-C,0,WA-B,delta_aar10_vs_control,3,0.010478731451762965,0.007742130960237935,0.0021205351998408,0.0174048294623692,-0.008753788035873886,0.029711250939399816
wordalign,WA-C,0,WA-B,ppl_favorable_vs_control,3,-0.15382774793050732,0.03125594584835312,-0.18843680639221644,-0.12765789551486792,-0.23147182172882746,-0.07618367413218718
wordalign,WA-C,0,WA-B,delta_context_trained_vs_control,3,-0.013961415025922934,0.0024720278101585647,-0.0154928962389628,-0.0111095666885375,-0.02010227253363341,-0.007820557518212458
wordalign,WA-C,0,WA-B,delta_context_heldout_vs_control,3,-0.013761490053600667,0.011289474514244183,-0.0235566385587056,-0.0014145175615946,-0.04180609944027888,0.014283119333077545
wordalign,WA-C,0,WA-B,R4_within_concept_ratio,3,0.08580979682016664,0.004919776612483075,0.08091820685728,0.090757283757662,0.07358839420371013,0.09803119943662314
wordalign,WA-C,0,WA-B,R4_shared_concept_ratio,3,0.05848168209865687,0.004170409482952312,0.0550504006003573,0.063123420200095,0.048121810628613836,0.0688415535686999
wordalign,WA-C,0,WA-B,R4_effective_rank_ratio,3,5.555273151992869,0.10751091257429275,5.431130494657588,5.617560801853095,5.288201239642375,5.822345064343362
wordalign,WA-D,0,WA-B,delta_R1_concept_dominance_vs_control,3,-0.029670024168178228,0.0037802606938388598,-0.03372819898759083,-0.026248534602233586,-0.03906071231799081,-0.020279336018365648
wordalign,WA-D,0,WA-B,delta_R2_mean_alignment_margin_vs_control,3,0.005404264863551132,0.0025834763754914608,0.0026989149998842,0.0078455911487069,-0.0010134462282232618,0.011821975955325525
wordalign,WA-D,0,WA-B,delta_R3_weak_language_tail_vs_control,3,-0.0162255978938947,0.008526300766072182,-0.02198402224085469,-0.00643059100586621,-0.037406103168620336,0.004954907380830938
wordalign,WA-D,0,WA-B,delta_R4_within_concept_ratio_vs_control,3,-0.9226653503813731,0.005418257281615299,-0.9279182684036411,-0.9170956531606685,-0.9361250476265995,-0.9092056531361467
wordalign,WA-D,0,WA-B,delta_R4_shared_concept_ratio_vs_control,3,-0.9526733099750825,0.0035234565302576988,-0.9560014128423614,-0.9489825507679288,-0.9614260612176087,-0.9439205587325563
wordalign,WA-D,0,WA-B,delta_R4_effective_rank_ratio_vs_control,3,4.547555388744676,0.2581267413681193,4.275187308185589,4.788578048476896,3.9063330161009064,5.188777761388445
wordalign,WA-D,0,WA-B,delta_lfs_vs_control,3,0.02967002416817825,0.003780260693838834,0.026248534602233642,0.03372819898759083,0.020279336018365735,0.03906071231799076
wordalign,WA-D,0,WA-B,delta_effective_rank_vs_control,3,186.36572528266979,10.578425826101059,175.20366775108363,196.24319987082492,160.08745875709852,212.64399180824105
wordalign,WA-D,0,WA-B,delta_mexa_vs_control,3,0.09444444444444443,0.0029397236789606438,0.0911111111111111,0.0966666666666666,0.08714176599141288,0.10174712289747598
wordalign,WA-D,0,WA-B,delta_aar10_vs_control,3,-0.00015024840831759945,0.0258372182383842,-0.0294618395467599,0.0193206084271271,-0.06433345660101121,0.06403295978437602
wordalign,WA-D,0,WA-B,ppl_favorable_vs_control,3,-0.1618362876082558,0.040732386113696006,-0.2051955056167352,-0.12437342992748937,-0.26302114404286353,-0.06065143117364809
wordalign,WA-D,0,WA-B,delta_context_trained_vs_control,3,-0.0169668406910366,0.006926690798428973,-0.0243096967538197,-0.0105493438243866,-0.034173694521048015,0.0002400131389748185
wordalign,WA-D,0,WA-B,delta_context_heldout_vs_control,3,-0.0151821074220869,0.01235260372666212,-0.0271341510613759,-0.0024645495414734,-0.04586767617779594,0.015503461333622136
wordalign,WA-D,0,WA-B,R4_within_concept_ratio,3,0.0888084529964047,0.008433585722349283,0.0837130350011785,0.0985431575225163,0.0678582646582377,0.10975864133457171
wordalign,WA-D,0,WA-B,R4_shared_concept_ratio,3,0.060612218167824604,0.007566689220561646,0.0553271781353388,0.0692801883458256,0.04181552012193271,0.0794089162137165
wordalign,WA-D,0,WA-B,R4_effective_rank_ratio,3,5.485666216203985,0.26322759137328255,5.206481835099518,5.729329660571413,4.831772629700407,6.139559802707562
wordalign,WA-E,0,WA-B,delta_R1_concept_dominance_vs_control,3,-0.014155018405648903,0.005089665976164451,-0.01865262402105189,-0.008630035269402037,-0.026798449597251573,-0.0015115872140462339
wordalign,WA-E,0,WA-B,delta_R2_mean_alignment_margin_vs_control,3,0.0016970343427942676,0.0019948763917390327,-0.000276946903847497,0.0037121690935348964,-0.0032585133322050883,0.006652582017793624
wordalign,WA-E,0,WA-B,delta_R3_weak_language_tail_vs_control,3,-0.007048117214310386,0.010200812251407405,-0.018797375898593788,-0.0004504658352937896,-0.03238833961851632,0.018292105189895543
wordalign,WA-E,0,WA-B,delta_R4_within_concept_ratio_vs_control,3,-0.6731266402314047,0.03273442683115091,-0.693382020961413,-0.6353614325470793,-0.7544434643951985,-0.5918098160676108
wordalign,WA-E,0,WA-B,delta_R4_shared_concept_ratio_vs_control,3,-0.7226894571958239,0.03626200982624825,-0.7483637675284451,-0.6812069586322502,-0.8127692833090682,-0.6326096310825796
wordalign,WA-E,0,WA-B,delta_R4_effective_rank_ratio_vs_control,3,1.4822781455169194,0.16271574226015034,1.2944155431666733,1.5788824146897293,1.078069833873033,1.8864864571608058
wordalign,WA-E,0,WA-B,delta_lfs_vs_control,3,0.014155018405648886,0.005089665976164499,0.008630035269401981,0.018652624021051945,0.0015115872140460968,0.026798449597251674
wordalign,WA-E,0,WA-B,delta_effective_rank_vs_control,3,60.746009239079875,6.668338201283966,53.04711452585725,64.70499888313185,44.18093883856501,77.31107963959474
wordalign,WA-E,0,WA-B,delta_mexa_vs_control,3,0.067037037037037,0.005592469952052498,0.061111111111111,0.0722222222222223,0.053144571527312834,0.08092950254676118
wordalign,WA-E,0,WA-B,delta_aar10_vs_control,3,0.0001300819632079666,0.007732801232716964,-0.0079407872011264,0.0074733886867761,-0.019079261196453683,0.019339425122869614
wordalign,WA-E,0,WA-B,ppl_favorable_vs_control,3,-0.07984070656443808,0.017746561914396306,-0.0936298596581813,-0.05981849114001178,-0.12392561026990206,-0.03575580285897408
wordalign,WA-E,0,WA-B,delta_context_trained_vs_control,3,0.0010017041365306073,0.0036591964408875096,-0.0020493777592976,0.0050586267312368,-0.008088243736980642,0.010091652010041856
wordalign,WA-E,0,WA-B,delta_context_heldout_vs_control,3,0.0005015990469190669,0.004149954298621261,-0.0041799207528431,0.0037281636397044,-0.0098074589283264,0.010810657022164535
wordalign,WA-E,0,WA-B,R4_within_concept_ratio,3,0.33834716314637325,0.028740183120390412,0.3187054139077475,0.3713337320339092,0.26695259041440117,0.40974173587834534
wordalign,WA-E,0,WA-B,R4_shared_concept_ratio,3,0.29059607094708334,0.03175411140635093,0.2698989715853093,0.327156185818046,0.2117144852994457,0.369477656594721
wordalign,WA-E,0,WA-B,R4_effective_rank_ratio,3,2.4203889729762293,0.1604316374964427,2.2351671552611903,2.5158228220638392,2.0218546921134575,2.818923253839001
wordalign,WA-F,0,WA-B,delta_R1_concept_dominance_vs_control,3,-0.03282267724592127,0.008240741889770357,-0.039439530726394,-0.023592024200714545,-0.0532938149471005,-0.012351539544742045
wordalign,WA-F,0,WA-B,delta_R2_mean_alignment_margin_vs_control,3,0.006117408370397867,0.005178992619348723,0.0012121890227246995,0.01153246330359,-0.006747922504202918,0.018982739244998652
wordalign,WA-F,0,WA-B,delta_R3_weak_language_tail_vs_control,3,-0.010904578688813532,0.016568553433890347,-0.027236196024996107,0.005891158674235508,-0.05206314710309097,0.030253989725463906
wordalign,WA-F,0,WA-B,delta_R4_within_concept_ratio_vs_control,3,-0.9278456060813459,0.003484371029082464,-0.9317962633133264,-0.9252106775526366,-0.9365012635564199,-0.9191899486062719
wordalign,WA-F,0,WA-B,delta_R4_shared_concept_ratio_vs_control,3,-0.9563991318020327,0.002662179463148847,-0.9594662051815441,-0.9546867232097014,-0.9630123522018881,-0.9497859114021774
wordalign,WA-F,0,WA-B,delta_R4_effective_rank_ratio_vs_control,3,4.693720409110117,0.16088486619598788,4.522152161988861,4.841206984856258,4.294060245742758,5.093380572477477
wordalign,WA-F,0,WA-B,delta_lfs_vs_control,3,0.03282267724592125,0.008240741889770403,0.02359202420071449,0.039439530726394056,0.01235153954474191,0.05329381494710059
wordalign,WA-F,0,WA-B,delta_effective_rank_vs_control,3,192.35578976847728,6.593306119993683,185.32466247547785,198.40001360056442,175.97710939068673,208.73447014626782
wordalign,WA-F,0,WA-B,delta_mexa_vs_control,3,0.0944444444444444,0.002222222222222195,0.0922222222222222,0.0966666666666666,0.08892413841833262,0.09996475047055618
wordalign,WA-F,0,WA-B,delta_aar10_vs_control,3,0.0107728896869553,0.004410602332675856,0.0065279342234134,0.0153323076665401,-0.00018365389917876854,0.02172943327308937
wordalign,WA-F,0,WA-B,ppl_favorable_vs_control,3,-0.16265447279910275,0.03651567962170638,-0.20473726807598536,-0.13933851707213213,-0.2533644496175766,-0.07194449598062891
wordalign,WA-F,0,WA-B,delta_context_trained_vs_control,3,-0.005860326290130567,0.0011484429124735936,-0.00699405392011,-0.0046977130572001,-0.008713216638798604,-0.0030074359414625296
wordalign,WA-F,0,WA-B,delta_context_heldout_vs_control,3,-0.006141353978051101,0.017575309765562284,-0.0166083029905955,0.0141494691371916,-0.04980084376237823,0.037518135806276026
wordalign,WA-F,0,WA-B,R4_within_concept_ratio,3,0.08362819729643206,0.005889253537474002,0.080165287202914,0.0904281331305482,0.06899848048993386,0.09825791410293026
wordalign,WA-F,0,WA-B,R4_shared_concept_ratio,3,0.0568863963408744,0.005483742083484253,0.0536764212405949,0.0632182720989016,0.04326402582977884,0.07050876685196995
wordalign,WA-F,0,WA-B,R4_effective_rank_ratio,3,5.631831236569426,0.1660688709761375,5.4534466889027895,5.781958596950775,5.219293291429803,6.044369181709049
wordalign,WA-G,0,WA-B,delta_R1_concept_dominance_vs_control,3,0.0009498641078660534,0.0004652764496083482,0.00043635642708078626,0.0013434191576504606,-0.00020594666699534647,0.0021056748827274533
wordalign,WA-G,0,WA-B,delta_R2_mean_alignment_margin_vs_control,3,-0.007708309825219401,0.013420390282502297,-0.0231965932348051,0.0004736481686107019,-0.041046407432391026,0.025629787781952223
wordalign,WA-G,0,WA-B,delta_R3_weak_language_tail_vs_control,3,-0.02901925015953662,0.05129223552581622,-0.08824520909680758,0.0009220069451391089,-0.15643622674919672,0.09839772643012347
wordalign,WA-G,0,WA-B,delta_R4_within_concept_ratio_vs_control,3,-0.0007556486706824886,0.004252633956655292,-0.0052475205879969344,0.003208487095368806,-0.011319777056679917,0.009808479715314941
wordalign,WA-G,0,WA-B,delta_R4_shared_concept_ratio_vs_control,3,-0.001442918297757408,0.004908188808415831,-0.0068464289046226146,0.0027393342938117904,-0.01363553521313409,0.010749698617619272
wordalign,WA-G,0,WA-B,delta_R4_effective_rank_ratio_vs_control,3,-0.0065617627152927405,0.01081925323025367,-0.01426313080645536,0.0058078964801332456,-0.033438277677542455,0.020314752246956978
wordalign,WA-G,0,WA-B,delta_lfs_vs_control,3,-0.0009498641078660534,0.00046527644960838593,-0.0013434191576504606,-0.00043635642708073075,-0.002105674882727547,0.00020594666699544036
wordalign,WA-G,0,WA-B,delta_effective_rank_vs_control,3,-0.26891100009359076,0.443389426385772,-0.5845247589783327,0.23801641703266796,-1.3703513951698338,0.8325293949826522
wordalign,WA-G,0,WA-B,delta_mexa_vs_control,3,-0.00037037037037033316,0.00320750149549786,-0.0022222222222222,0.0033333333333333,-0.00833824579583215,0.007597505055091483
wordalign,WA-G,0,WA-B,delta_aar10_vs_control,3,-0.008635495271947681,0.015643099813557423,-0.0266939712067445,0.0007475179930527,-0.047495109447480234,0.030224118903584875
wordalign,WA-G,0,WA-B,ppl_favorable_vs_control,3,-0.007478472190193407,0.013525094988966884,-0.022568968588066132,0.003550435479747524,-0.041076670707291464,0.02611972632690465
wordalign,WA-G,0,WA-B,delta_context_trained_vs_control,3,0.0020758741431765666,0.0017096650243648,0.0008827459812164,0.0040345279375711,-0.0021711692183085806,0.006322917504661714
wordalign,WA-G,0,WA-B,delta_context_heldout_vs_control,3,0.002857235934999234,0.0030730700370813877,-6.900787353519844e-05,0.0060586277643839,-0.004776693234964626,0.010491165104963094
wordalign,WA-G,0,WA-B,R4_within_concept_ratio,3,1.0107181547070954,0.004423401792709572,1.0064672520615692,1.0152959219645292,0.9997298154996015,1.0217064939145892
wordalign,WA-G,0,WA-B,R4_shared_concept_ratio,3,1.0118426098451498,0.003931647388569407,1.008141484167835,1.0159700351584826,1.0020758562979,1.0216093633923997
wordalign,WA-G,0,WA-B,R4_effective_rank_ratio,3,0.9315490647440171,0.004867350839023121,0.9280232125630282,0.937102423394062,0.9194578949684802,0.943640234519554
