model,layer,n_languages,n_concepts,dimension,lfs_direct_standardized,mean_pairwise_cosine_raw,top_eigen_share_raw,coordinate_share_mean,coordinate_share_median,coordinate_share_gini,gaussian_null_mean,by_alpha,n_language_heavy_by,fraction_language_heavy_by,top_variance_fraction,overlap_with_top5_variance,fraction_significant_in_top5_variance,overlap_with_matched_top_variance,fraction_significant_in_matched_top_variance
EuroLLM-1.7B,0,13,300,2048,0.9047059530461118,0.2162473489876707,0.3493045635564077,0.8903953325077929,0.9080170611542216,0.0433607486032099,0.0385852090032154,0.05,2048,1.0,0.05,103,0.05029296875,2048,1.0
EuroLLM-1.7B,6,13,300,2048,0.916331336450382,0.8455034412019651,0.6050270568685902,0.90521771933195,0.9251221004485616,0.0414927224698806,0.0385852090032154,0.05,2048,1.0,0.05,103,0.05029296875,2048,1.0
EuroLLM-1.7B,14,13,300,2048,0.7900691089438461,0.8110681630895094,0.8570199904573114,0.7699935247136227,0.7988603483862455,0.094565268879742,0.0385852090032154,0.05,2048,1.0,0.05,103,0.05029296875,2048,1.0
EuroLLM-1.7B,18,13,300,2048,0.7886083092980324,0.7883184122183895,0.6138309212897363,0.7734717370611403,0.7957914292468118,0.0822006574560934,0.0385852090032154,0.05,2048,1.0,0.05,103,0.05029296875,2048,1.0
EuroLLM-1.7B,24,13,300,2048,0.8666720714384681,0.3257004866397546,0.48126840936142,0.8517364370004495,0.8744229150314615,0.0598242800492123,0.0385852090032154,0.05,2048,1.0,0.05,103,0.05029296875,2048,1.0
Falcon3-7B-Base,0,13,300,3072,0.9426148515165929,0.2417667408592549,0.1725890697452548,0.9366555200364304,0.9474622588237892,0.0218602844816284,0.0385852090032154,0.05,3072,1.0,0.05,154,0.0501302083333333,3072,1.0
Falcon3-7B-Base,7,13,300,3072,0.8848641484512959,0.7567024687437459,0.7444075245545375,0.8780893073336142,0.8954421725059488,0.0403767222617839,0.0385852090032154,0.05,3072,1.0,0.05,154,0.0501302083333333,3072,1.0
Falcon3-7B-Base,13,13,300,3072,0.7682529162600981,0.7586894509720479,0.7184990155570543,0.7501098554375233,0.7696390513280494,0.0903778048144534,0.0385852090032154,0.05,3072,1.0,0.05,154,0.0501302083333333,3072,1.0
Falcon3-7B-Base,21,13,300,3072,0.8917857535667262,0.780664317944184,0.5448715556937846,0.8857361216972798,0.9039626165005455,0.0388712153315893,0.0385852090032154,0.05,3072,1.0,0.05,154,0.0501302083333333,3072,1.0
Falcon3-7B-Base,28,13,300,3072,0.9235213569442612,0.827234275606013,0.2959378304607286,0.917378468332361,0.9327202554964982,0.0297197154401849,0.0385852090032154,0.05,3072,1.0,0.05,154,0.0501302083333333,3072,1.0
Mistral-7B-v0.3,0,13,300,4096,0.926541679794212,0.4115487045840325,0.2047628748322749,0.9197627344382304,0.9311793254450104,0.0265683829239109,0.0385852090032154,0.05,4096,1.0,0.05,205,0.050048828125,4096,1.0
Mistral-7B-v0.3,2,13,300,4096,0.749392110380016,0.9981214867071724,0.999354269836646,0.7456905010521502,0.77812613468216,0.11390335230102,0.0385852090032154,0.05,4096,1.0,0.05,205,0.050048828125,4096,1.0
Mistral-7B-v0.3,8,13,300,4096,0.7147293559082801,0.9478720669799195,0.9728418643231944,0.6986086873369389,0.7175954855133909,0.1001917481045751,0.0385852090032154,0.05,4096,1.0,0.05,205,0.050048828125,4096,1.0
Mistral-7B-v0.3,24,13,300,4096,0.8761636879954061,0.6165667460642996,0.3568070098106164,0.8689215004185343,0.8894788949897496,0.0464195521077972,0.0385852090032154,0.05,4096,1.0,0.05,205,0.050048828125,4096,1.0
Mistral-7B-v0.3,32,13,300,4096,0.9095009269253396,0.176228801643393,0.2545127599117197,0.899337318046934,0.915099617065492,0.0417517041690582,0.0385852090032154,0.05,4096,1.0,0.05,205,0.050048828125,4096,1.0
OLMo-2-0425-1B,0,13,300,2048,0.954619202847436,0.4057276074655873,0.2126052318769465,0.9507462464067148,0.9580223152523568,0.0158273119004375,0.0385852090032154,0.05,2048,1.0,0.05,103,0.05029296875,2048,1.0
OLMo-2-0425-1B,4,13,300,2048,0.919467716320266,0.7835998949277891,0.2495737536706141,0.9124830541322784,0.926004425879324,0.0288746917205124,0.0385852090032154,0.05,2048,1.0,0.05,103,0.05029296875,2048,1.0
OLMo-2-0425-1B,9,13,300,2048,0.8555304914009325,0.7076669621155083,0.27813023996282,0.8460803758407607,0.867599376485092,0.0524819263722406,0.0385852090032154,0.05,2048,1.0,0.05,103,0.05029296875,2048,1.0
OLMo-2-0425-1B,12,13,300,2048,0.904420775832538,0.6060124573498162,0.2035500112756893,0.8991548532009342,0.9146913834204506,0.0348092733229781,0.0385852090032154,0.05,2048,1.0,0.05,103,0.05029296875,2048,1.0
OLMo-2-0425-1B,16,13,300,2048,0.9001903125223955,0.5143888906941392,0.2970457335962003,0.8894041401782031,0.9024143106582864,0.0420911567831556,0.0385852090032154,0.05,2048,1.0,0.05,103,0.05029296875,2048,1.0
OLMo-2-1124-7B,0,13,300,4096,0.950174796066262,0.3839441828242655,0.2640061648370361,0.9452832946728148,0.9538453834824068,0.0184151050692633,0.0385852090032154,0.05,4096,1.0,0.05,205,0.050048828125,4096,1.0
OLMo-2-1124-7B,8,13,300,4096,0.8478119225422205,0.6752593000516811,0.1876451336487912,0.8362317811130757,0.8535726513331301,0.0526391507709615,0.0385852090032154,0.05,4096,1.0,0.05,205,0.050048828125,4096,1.0
OLMo-2-1124-7B,12,13,300,4096,0.7420740191771581,0.6702036911585529,0.1807356487038432,0.7250271784927736,0.7442056249705727,0.0920745255750581,0.0385852090032154,0.05,4096,1.0,0.05,205,0.050048828125,4096,1.0
OLMo-2-1124-7B,24,13,300,4096,0.8725537114579328,0.4071464557681678,0.152061314224203,0.866247212465918,0.8811985915702363,0.0419376545388623,0.0385852090032154,0.05,4096,1.0,0.05,205,0.050048828125,4096,1.0
OLMo-2-1124-7B,32,13,300,4096,0.8654070109256882,0.602939860220816,0.311021763143892,0.8517201683738629,0.8672282896084631,0.0546073203011556,0.0385852090032154,0.05,4096,1.0,0.05,205,0.050048828125,4096,1.0
Qwen3-0.6B-Base,0,13,300,1024,0.8730930472422505,0.2822978797487717,0.2632879443463785,0.8592898075182251,0.8800868500963923,0.0513357065074469,0.0385852090032154,0.05,1024,1.0,0.05,52,0.05078125,1024,1.0
Qwen3-0.6B-Base,7,13,300,1024,0.6431745842533322,0.9901568532697032,0.997263490761481,0.6209503641219136,0.6292119473239188,0.1560980103660518,0.0385852090032154,0.05,1024,1.0,0.05,52,0.05078125,1024,1.0
Qwen3-0.6B-Base,8,13,300,1024,0.6088355117370512,0.9889740325653946,0.9967445738677998,0.5811602458845511,0.5865622124492248,0.1799317267929541,0.0385852090032154,0.05,1024,1.0,0.05,52,0.05078125,1024,1.0
Qwen3-0.6B-Base,21,13,300,1024,0.8333847569308337,0.8824704471670859,0.8228241576451423,0.8220928826896113,0.8490257774647314,0.0734955419776695,0.0385852090032154,0.05,1024,1.0,0.05,52,0.05078125,1024,1.0
Qwen3-0.6B-Base,28,13,300,1024,0.8763529321916044,0.3120100993819904,0.2919397733993729,0.8644127898541516,0.887151367763517,0.0572404120368188,0.0385852090032154,0.05,1024,1.0,0.05,52,0.05078125,1024,1.0
Qwen3-1.7B-Base,0,13,300,2048,0.864641534130501,0.1603608363708224,0.2523158794005918,0.8507909004580251,0.8688307765960039,0.0533464841581932,0.0385852090032154,0.05,2048,1.0,0.05,103,0.05029296875,2048,1.0
Qwen3-1.7B-Base,7,13,300,2048,0.6346997630281737,0.983213664275471,0.9962796899862,0.6131177795448908,0.6269593354495262,0.1480466048127526,0.0385852090032154,0.05,2048,1.0,0.05,103,0.05029296875,2048,1.0
Qwen3-1.7B-Base,13,13,300,2048,0.5808205932178168,0.9433517996919066,0.9776919833356954,0.5539061624017161,0.5541541503709831,0.1875132853808743,0.0385852090032154,0.05,2048,1.0,0.05,103,0.05029296875,2048,1.0
Qwen3-1.7B-Base,21,13,300,2048,0.8180848682904561,0.765790354858075,0.5121690786237104,0.8056146955561,0.8365680700902562,0.0790021243983887,0.0385852090032154,0.05,2048,1.0,0.05,103,0.05029296875,2048,1.0
Qwen3-1.7B-Base,28,13,300,2048,0.8885773963331693,0.5250422226262715,0.5146500123412534,0.8796394673057569,0.8998297813621037,0.0487855889338784,0.0385852090032154,0.05,2048,1.0,0.05,103,0.05029296875,2048,1.0
Qwen3-4B-Base,0,13,300,2560,0.8374439691273802,0.2562957068334133,0.2395788411026494,0.8197148117372519,0.8397619083645163,0.0645352372735601,0.0385852090032154,0.05,2560,1.0,0.05,128,0.05,2560,1.0
Qwen3-4B-Base,9,13,300,2560,0.5801266474018719,0.9731525168846316,0.9907353474680062,0.5532094120293115,0.5530829190935725,0.1733702994543806,0.0385852090032154,0.05,2559,0.999609375,0.05,128,0.0500195388823759,2558,0.9996092223524814
Qwen3-4B-Base,17,13,300,2560,0.4561070964075558,0.9692536624731586,0.9873816288624976,0.4316948825779967,0.4126758219592604,0.2378334227128902,0.0385852090032154,0.05,2551,0.996484375,0.05,128,0.0501764014112112,2542,0.9964719717757742
Qwen3-4B-Base,27,13,300,2560,0.8043263490138753,0.8793967563779145,0.853779879439917,0.7918227570481521,0.817360275346116,0.0844720017093529,0.0385852090032154,0.05,2560,1.0,0.05,128,0.05,2560,1.0
Qwen3-4B-Base,36,13,300,2560,0.8864571566809325,0.3751902759561227,0.371652219812919,0.8763568263169947,0.8977281222380775,0.0510682700997935,0.0385852090032154,0.05,2560,1.0,0.05,128,0.05,2560,1.0
Qwen3-8B-Base,0,13,300,4096,0.8743578957482872,0.4017214550985791,0.1986718098219822,0.8604522181658677,0.8781872295299682,0.0477487223244299,0.0385852090032154,0.05,4096,1.0,0.05,205,0.050048828125,4096,1.0
Qwen3-8B-Base,9,13,300,4096,0.6171749564719544,0.9635833974981453,0.9886224804606168,0.5940287405502587,0.6034518279966878,0.1477760948557596,0.0385852090032154,0.05,4096,1.0,0.05,205,0.050048828125,4096,1.0
Qwen3-8B-Base,19,13,300,4096,0.4492824643532386,0.9460681328837172,0.9738286101366714,0.4277837682396312,0.4138939528563342,0.2260755874941076,0.0385852090032154,0.05,4081,0.996337890625,0.05,204,0.0499877481009556,4066,0.9963244302866944
Qwen3-8B-Base,27,13,300,4096,0.797506261002557,0.8379387588219629,0.7090280090827527,0.7844479526873945,0.8112363519112487,0.0851829309691023,0.0385852090032154,0.05,4094,0.99951171875,0.05,203,0.0495847581827064,4092,0.9995114802149488
Qwen3-8B-Base,36,13,300,4096,0.8787959488656687,0.4889460253847092,0.6801624938203527,0.8691667244708513,0.8883255899903274,0.0499482412035696,0.0385852090032154,0.05,4096,1.0,0.05,205,0.050048828125,4096,1.0
SmolLM2-1.7B,0,13,300,2048,0.9586847505816288,0.3225543962145623,0.2998883470566456,0.9550947952634528,0.9626910914920468,0.0160200025527585,0.0385852090032154,0.05,2048,1.0,0.05,103,0.05029296875,2048,1.0
SmolLM2-1.7B,6,13,300,2048,0.9509641929151614,0.8577806141691553,0.753964166032513,0.9475526101207354,0.9566201653136694,0.0172916516199825,0.0385852090032154,0.05,2048,1.0,0.05,103,0.05029296875,2048,1.0
SmolLM2-1.7B,15,13,300,2048,0.8694759748630935,0.9582415788044664,0.9739539038783888,0.8616678616406357,0.8793845155389657,0.0463771445607223,0.0385852090032154,0.05,2048,1.0,0.05,103,0.05029296875,2048,1.0
SmolLM2-1.7B,18,13,300,2048,0.9298714815611367,0.9038211032321984,0.8949440815783312,0.9259269062610482,0.9393843192746544,0.0266227889929908,0.0385852090032154,0.05,2048,1.0,0.05,103,0.05029296875,2048,1.0
SmolLM2-1.7B,24,13,300,2048,0.9474616869006064,0.6186799416776916,0.3893823215324714,0.9437958350975206,0.9533461674718404,0.0209584503969404,0.0385852090032154,0.05,2048,1.0,0.05,103,0.05029296875,2048,1.0
bloom-1b7,0,13,300,2048,0.8236489490769876,0.3210480439708311,0.2102703517099836,0.7936937023254456,0.8115715033305553,0.0797411270131613,0.0385852090032154,0.05,2048,1.0,0.05,103,0.05029296875,2048,1.0
bloom-1b7,6,13,300,2048,0.8698438584019493,0.8079453539161493,0.8676773839971131,0.8582404936515049,0.8777930100866742,0.0515429934099764,0.0385852090032154,0.05,2048,1.0,0.05,103,0.05029296875,2048,1.0
bloom-1b7,14,13,300,2048,0.7826511745362782,0.7995652767569366,0.8470403390190802,0.7652947613111816,0.786217198088357,0.0888131955403914,0.0385852090032154,0.05,2048,1.0,0.05,103,0.05029296875,2048,1.0
bloom-1b7,18,13,300,2048,0.8131464936328513,0.7349936427523122,0.7205615931583144,0.8009464955778118,0.8183835617626719,0.0707567645401188,0.0385852090032154,0.05,2048,1.0,0.05,103,0.05029296875,2048,1.0
bloom-1b7,24,13,300,2048,0.7759765810305418,0.3213280432785801,0.2932283158547815,0.7439448313260844,0.7638057409808127,0.119533244506311,0.0385852090032154,0.05,2048,1.0,0.05,103,0.05029296875,2048,1.0
bloom-7b1,0,13,300,4096,0.8091661470296835,0.3900870526740913,0.2510166737945902,0.779952166511753,0.8002416797398815,0.0810164594704718,0.0385852090032154,0.05,4096,1.0,0.05,205,0.050048828125,4096,1.0
bloom-7b1,8,13,300,4096,0.8527047830152925,0.8719812242244901,0.8636347476588601,0.8379727864347413,0.8594675522493302,0.0599640353135955,0.0385852090032154,0.05,4096,1.0,0.05,205,0.050048828125,4096,1.0
bloom-7b1,17,13,300,4096,0.7335823842752519,0.8573467831449822,0.8705093917344588,0.7121317611839451,0.7345637491246282,0.108689883631623,0.0385852090032154,0.05,4096,1.0,0.05,205,0.050048828125,4096,1.0
bloom-7b1,22,13,300,4096,0.7762382097565377,0.7956916010025769,0.7325452896391015,0.7621030820842412,0.7809604642229984,0.0818380132686802,0.0385852090032154,0.05,4096,1.0,0.05,205,0.050048828125,4096,1.0
bloom-7b1,30,13,300,4096,0.7735570095422035,0.1126627645649763,0.2920870816848875,0.7421075229689671,0.7604840406873346,0.116537833442839,0.0385852090032154,0.05,4096,1.0,0.05,205,0.050048828125,4096,1.0
salamandra-2b,0,13,300,2048,0.9603957830564124,0.5571232575157437,0.2305815398209983,0.9567060927918714,0.9652931572611269,0.0163148897224827,0.0385852090032154,0.05,2048,1.0,0.05,103,0.05029296875,2048,1.0
salamandra-2b,6,13,300,2048,0.808007891684794,0.9601815047692468,0.9952223858232868,0.7934183261029492,0.8192670789868912,0.0842498751263642,0.0385852090032154,0.05,2048,1.0,0.05,103,0.05029296875,2048,1.0
salamandra-2b,18,13,300,2048,0.8639959348523434,0.8421578900629202,0.9829589531901978,0.8540018671355015,0.8758541037091216,0.0513964516172138,0.0385852090032154,0.05,2048,1.0,0.05,103,0.05029296875,2048,1.0
salamandra-2b,24,13,300,2048,0.9167273412998552,0.4225850138576405,0.3003570331317314,0.9081365700717736,0.9208365863473406,0.0349421782233796,0.0385852090032154,0.05,2048,1.0,0.05,103,0.05029296875,2048,1.0
salamandra-7b,0,13,300,4096,0.9584435235110864,0.2380014593667282,0.2306876486945012,0.9540881778976822,0.963951577795186,0.0176991705237115,0.0385852090032154,0.05,4096,1.0,0.05,205,0.050048828125,4096,1.0
salamandra-7b,8,13,300,4096,0.8970239392597557,0.981897214216408,0.996230388549284,0.8895337032970771,0.9076551138759686,0.0401669088167155,0.0385852090032154,0.05,4096,1.0,0.05,205,0.050048828125,4096,1.0
salamandra-7b,18,13,300,4096,0.7694086996742854,0.8726272823166644,0.9613948826889284,0.7533455651863756,0.7705196629429123,0.0808356457210062,0.0385852090032154,0.05,4096,1.0,0.05,205,0.050048828125,4096,1.0
salamandra-7b,24,13,300,4096,0.8722585243200615,0.6910698339435323,0.8028738355711268,0.8639459614214058,0.88026786583891,0.0449050442402028,0.0385852090032154,0.05,4096,1.0,0.05,205,0.050048828125,4096,1.0
salamandra-7b,32,13,300,4096,0.9106333613970644,0.4760069263389827,0.3042652801988684,0.9027454718270932,0.9167692743891545,0.0357447474404979,0.0385852090032154,0.05,4096,1.0,0.05,205,0.050048828125,4096,1.0
