checkpoint,arm,seed,profile_result_sha256,reference_grid_sha256,R1_concept_dominance,R2_mean_alignment_margin,R3_weak_language_tail,R4_within_concept_ratio,R4_shared_concept_ratio,R4_effective_rank_ratio,R4_passes_legacy_cvp_gate,lfs,ss_language,ss_concept,ss_residual,language_share_total,concept_share_total,residual_share_total,within_concept_spread,shared_concept_energy,language_energy,residual_energy,mean_vector_norm,effective_rank
ckpt_armADV-CVP_seed0,ADV-CVP,0,c34f8b2ee6d5617ea4c6b1d3e744bb03f90630fc555f9781cfa6c999ba2b0d39,a673a1508d679ece31e54d8a2b3384898654eafe918a8f205172d2e02ddcac14,0.49385961030741,-0.10631368645798127,-0.6009380654253095,1.009055140036708,1.0166180883574498,0.3963042020096647,True,0.50614038969259,1187967.8391478723,1159143.4828104437,1646488.678041683,0.2974679084404729,0.29025027113642926,0.4122818204230978,15643.825879933585,11144.880469592328,7160.121567008483,4498.945410341259,189.92281882549074,16.24114798533301
ckpt_armADV-CVP_seed1,ADV-CVP,1,2956018a61a4f0351cd94972fba7bb97ee8bb213b9ce8a0c2c76987d8288d4c3,a673a1508d679ece31e54d8a2b3384898654eafe918a8f205172d2e02ddcac14,0.49599983046480467,-0.07410575900279667,-0.5574028123361502,0.9985766638742111,0.9979878519401764,0.4111072194569479,True,0.5040001695351953,1186241.2306027156,1167411.21300004,1639947.5563972432,0.29703556455396535,0.29232051607573123,0.41064391937030337,15481.373452837111,10940.642752037813,7323.673689113439,4540.730700799298,190.98879828178343,16.847798118669044
ckpt_armADV-CVP_seed2,ADV-CVP,2,c742305435ecadfff5b16e23c24ad173b13136395c7f3c15fca05b4ef9c88484,a673a1508d679ece31e54d8a2b3384898654eafe918a8f205172d2e02ddcac14,0.5038638812037869,-0.10096344744693501,-0.5601831220783805,1.0305958340102868,1.0363939342274637,0.42109390105606,True,0.4961361187962131,1148395.1402358823,1166282.4184596238,1678922.4413044953,0.2875588792657957,0.2920378651992246,0.4204032555349796,15977.780737785399,11361.677161418345,7424.793757319961,4616.103576367052,192.17881823336995,17.25706749535263
ckpt_armADV_seed0,ADV,0,81e05f7a1aa1249c7f96e88354a6f64f9352bae1fd6c1056b0a7689f20c3c454,a673a1508d679ece31e54d8a2b3384898654eafe918a8f205172d2e02ddcac14,0.459256585298333,-0.04119661568849484,-0.4592770850726177,0.49709598653609605,0.45528714774396817,0.617468919720183,False,0.540743414701667,1214229.3944464298,1031252.2174125534,1748118.388141017,0.30404381872156194,0.2582262162992171,0.437729964979221,7706.697830905057,4991.177020218483,3092.2065656092777,2715.5208106865734,135.3346513995289,25.30481395520161
ckpt_armADV_seed1,ADV,1,f968e958dd06f16b06f1b0ca95e1ec3bd3a267e8304a053732afaaa87db919ca,a673a1508d679ece31e54d8a2b3384898654eafe918a8f205172d2e02ddcac14,0.4544644258461038,-0.03580586168987079,-0.44266595516765034,0.45056415967675745,0.3784075363557361,0.7055453218314821,False,0.5455355741538962,1183113.6568871879,985605.8784467813,1824880.4646660313,0.2962524180907421,0.24679634376171405,0.45695123814754385,6985.2944423486815,4148.368802183616,2696.7404818411355,2836.925640165066,127.54147976156635,28.91431865752728
ckpt_armADV_seed2,ADV,2,a3411c0399e75a8b4784df7352593a1c3bdaf0210367fc7e81960a5be630b4f0,a673a1508d679ece31e54d8a2b3384898654eafe918a8f205172d2e02ddcac14,0.4618157114226692,-0.050497288478968144,-0.49001086564152163,0.5042028853240349,0.45961570138096347,0.6188028416864438,False,0.5381842885773308,1214899.8239335003,1042505.0273768948,1736195.1486896062,0.3042116946948868,0.2610439271276278,0.4347443781774854,7816.879210270294,5038.62966093283,2890.169207791744,2778.249549337463,133.12157804374962,25.359480102936274
ckpt_armB_seed0,B,0,51b770d729a4d2a6ab3a008351ef4c47c1dc394d67648dfc10e9f52d7c15c8b8,a673a1508d679ece31e54d8a2b3384898654eafe918a8f205172d2e02ddcac14,0.3787423461367747,0.03240088122827114,-0.2189898730339932,0.9529819541092845,0.9485271905800021,1.0192161807485436,True,0.6212576538632253,1532512.487621918,934278.0268967374,1526809.485481347,0.3837421092803278,0.233943816831114,0.3823140738885582,14774.498602982354,10398.420293949592,7312.9108505411505,4376.078309032763,187.20721107307696,41.7690267643928
ckpt_armB_seed1,B,1,e568ba14666e938c595509fdf68ee85672228d6beaf666aee05f1ef8c4fd83ef,a673a1508d679ece31e54d8a2b3384898654eafe918a8f205172d2e02ddcac14,0.37501097223714674,0.031281840657448844,-0.22957493847669083,0.95949723990007,0.957625193914114,1.0034399932892395,True,0.6249890277628533,1543733.4791513644,926283.4500692249,1523583.0707794104,0.3865518527522447,0.23194196966877628,0.381506177578979,14875.50794570801,10498.158987203078,7293.940742629231,4377.34895850493,186.9554516182292,41.12249464620783
ckpt_armB_seed2,B,2,689a3233b7a0de7919821c75a28a624d13a0d0e0055ba2a8d5c9de31ca2f0366,a673a1508d679ece31e54d8a2b3384898654eafe918a8f205172d2e02ddcac14,0.3807563426900473,0.03563078389529097,-0.2136608536592445,0.9706662731235556,0.9693501062101478,1.0012596434448073,True,0.6192436573099527,1528046.8684664627,939555.1011757113,1525998.030357825,0.38262391538122575,0.23526519961330916,0.3821108850054651,15048.666382806945,10626.69569882787,7384.082723115295,4421.970683979075,188.00949246740035,41.03314059872701
ckpt_armCS-B_s2000_seed0,CS-B_s2000,0,878a8edd2faac60fba90486e32189b079482a1ac3fede74d787d9229a906409e,a673a1508d679ece31e54d8a2b3384898654eafe918a8f205172d2e02ddcac14,0.3772521289584053,0.03710149097180745,-0.2086487684360343,0.8489479627810149,0.839533938972493,1.149314342149539,False,0.6227478710415947,1542523.3421856256,934439.5089368268,1516637.1488775476,0.3862488336802949,0.23398425203746664,0.37976691428223847,13161.613854310677,9203.559829563688,6361.786831548471,3958.0540247469853,176.6250071629028,47.10064697235057
ckpt_armCS-B_s2000_seed1,CS-B_s2000,1,bd765fe613ecbfc16794f1290512cc70ba88f583dde81eb6bc739857476ba675,a673a1508d679ece31e54d8a2b3384898654eafe918a8f205172d2e02ddcac14,0.3628227237925964,0.034981611263939935,-0.21494417142586775,0.86493587600498,0.8564147804866148,1.1540172838343776,False,0.6371772762074036,1595933.549593915,908759.5855618224,1488906.864844262,0.39962278385264305,0.22755398276287625,0.37282323338448076,13409.481508649267,9388.61945328629,6459.661515317527,4020.862055362978,177.42553148035012,47.293380664000885
ckpt_armCS-B_s2000_seed2,CS-B_s2000,2,a3ca92b37221bcbe52d73202cd35d8caa54f15f5fdf65d71292f5533e8962373,a673a1508d679ece31e54d8a2b3384898654eafe918a8f205172d2e02ddcac14,0.3694958643187123,0.03603798290518836,-0.22704443401738902,0.8697668093942639,0.861176698551831,1.1651280774861024,False,0.6305041356812877,1570837.535831747,920561.7222149703,1502200.7419532817,0.39333872591940794,0.2305092453462967,0.3761520287342954,13484.377594879763,9440.822938794376,6432.156232950123,4043.554656085388,177.3602102955232,47.748717859561985
ckpt_armCS-B_seed0,CS-B,0,0118405f78d45fabcc12e30ba7afe823c90dcefac9eb3de94a2730f735acb196,a673a1508d679ece31e54d8a2b3384898654eafe918a8f205172d2e02ddcac14,0.356774787328784,0.03159988621463055,-0.21617431089218922,0.9368097598899927,0.9304684426239394,0.9982124772594351,True,0.643225212671216,1636326.6148802417,907613.8007711092,1449659.5843486506,0.4097372332933296,0.2272670775168041,0.3629956891898663,14523.773959278675,10200.447633709015,7206.455880425692,4323.326325569659,186.46459498623355,40.90826310133593
ckpt_armCS-B_seed1,CS-B,1,e2a42b56e938e3efe913d9e5281ec77094981c880c88266632836568a4dde395,a673a1508d679ece31e54d8a2b3384898654eafe918a8f205172d2e02ddcac14,0.3661710298013584,0.03088734084107364,-0.2165479352152689,0.978915568116199,0.9791906702635124,0.9585694584810244,True,0.6338289701986416,1602894.325748552,926012.3685071648,1464693.3057442836,0.4013657666638,0.23187409067186612,0.36676014266433377,15176.558833255614,10734.5748634661,7307.672870599955,4441.983969789516,189.26461286754542,39.28363199396806
ckpt_armCS-B_seed2,CS-B,2,45defc4011c3ad2383ad022c3f103bd7c7a9870872579721440cfcd46e88c8ec,a673a1508d679ece31e54d8a2b3384898654eafe918a8f205172d2e02ddcac14,0.3469251897652933,0.0293794758859769,-0.22215105600106644,0.9623471501640647,0.962423926392086,0.9735178037698344,True,0.6530748102347067,1685461.3425082236,895347.649194412,1412791.008297364,0.4220406005879967,0.22419562529908155,0.35376377411292165,14919.691358659802,10550.766058122854,7230.356951988312,4368.925300536948,188.28505069061853,39.89623788292984
ckpt_armCS-P25_s2000_seed0,CS-P25_s2000,0,c8b457133c296f8ae46c3c5f7007a21f872071062c3a727f3a4683128eb49f60,a673a1508d679ece31e54d8a2b3384898654eafe918a8f205172d2e02ddcac14,0.3760599406189753,0.038834506936097545,-0.21172886186961826,0.8787537888861756,0.8693191052313443,1.0581280896642273,False,0.6239400593810247,1570367.202106159,946488.6696967039,1476744.1281971354,0.39322095405302476,0.23700136961556098,0.3697776763314143,13623.706692745403,9530.085711331312,6591.07759111056,4093.62098141409,179.38612377853352,43.363695879397554
ckpt_armCS-P25_s2000_seed1,CS-P25_s2000,1,acc31739c7fce0cc0be05e4d588cedaa5f96c7cd51459d4a248f15f20571bd93,a673a1508d679ece31e54d8a2b3384898654eafe918a8f205172d2e02ddcac14,0.3833313017341867,0.040448197369263555,-0.2121268867918221,0.8946893137307697,0.8889880284937525,1.0651816659486444,False,0.6166686982658133,1542564.5470771326,958883.2342276587,1492152.21869521,0.38625915141154143,0.2401049765193455,0.3736358720691129,13870.76214698462,9745.710242544697,6674.330577620311,4125.051904439921,180.73380471284648,43.65276214637158
ckpt_armCS-P25_s2000_seed2,CS-P25_s2000,2,c987ea87fa6e266eb792c692e74104622fcb934b04d70e49f41588fa11077e7c,a673a1508d679ece31e54d8a2b3384898654eafe918a8f205172d2e02ddcac14,0.38654676718055025,0.03982260238157629,-0.2224468965567197,0.8931315608811567,0.8863411164484485,1.0707794994292856,False,0.6134532328194497,1535535.152772997,967565.4433647572,1490499.4038622447,0.3844989865717642,0.24227900725279383,0.373222006175442,13846.61161905368,9716.692936344589,6629.460927029408,4129.918682709092,179.79592577495268,43.88216986270493
ckpt_armCS-P25_seed0,CS-P25,0,83784e2d1f5b2eed1aceb3f289663615646a990619ccdb0c1c3a7471ac9668f7,a673a1508d679ece31e54d8a2b3384898654eafe918a8f205172d2e02ddcac14,0.3745642145967194,0.03144798393855564,-0.2371149053011159,0.9517842862268505,0.9466655278165178,0.9453611305058938,True,0.6254357854032806,1592718.321117511,953855.3772367128,1447026.3016457758,0.39881768858110755,0.23884599790582756,0.3623363135130649,14755.930630756273,10378.011441095865,7328.012814426992,4377.919189660409,187.86711242190682,38.742334656732965
ckpt_armCS-P25_seed1,CS-P25,1,f7191c6eb906055c1319880565b0039e6df0de4a64acf4c97e5c4037edd20e3c,a673a1508d679ece31e54d8a2b3384898654eafe918a8f205172d2e02ddcac14,0.38270488717294004,0.032560122368335546,-0.23798530648385152,0.9705358619292328,0.9695011627770208,0.9243751523558404,True,0.61729511282706,1565911.7761539144,970819.4300635187,1456868.793782567,0.39210531253854025,0.24309380760805255,0.3648008798534072,15046.64456067272,10628.351686854472,7308.59909959164,4418.292873818244,189.5061902305963,37.88229740498647
ckpt_armCS-P25_seed2,CS-P25,2,fad105eb82652ab66830d71f0443b6537148516de9289d80a1c1e31a63b40b7f,a673a1508d679ece31e54d8a2b3384898654eafe918a8f205172d2e02ddcac14,0.36686171835595094,0.030994309106540042,-0.23204293851737914,0.95894263166961,0.9571164171600441,0.939944895294949,True,0.6331382816440491,1625486.2875477932,941861.6910437824,1426252.0214084222,0.4070228083803571,0.23584277119485747,0.3571344204247854,14866.909610250765,10492.581419604436,7267.07609155651,4374.328190646329,188.715233234243,38.520369113248314
ckpt_armCS-W10_s2000_seed0,CS-W10_s2000,0,fbd77eee5ae525d979d21458a974787184195a40d4dabb504a069eb82956891a,a673a1508d679ece31e54d8a2b3384898654eafe918a8f205172d2e02ddcac14,0.38071141789120144,0.03980221290413507,-0.20552403132858008,0.8616769316950659,0.8554862613705834,1.1179086318805487,False,0.6192885821087986,1541051.032859236,947370.4839910446,1505178.4831497218,0.3858801664811787,0.23722217648012922,0.3768976570386921,13358.956660884414,9378.44037553781,6422.349189747659,3980.516285346604,178.9571238351012,45.81359327603189
ckpt_armCS-W10_s2000_seed1,CS-W10_s2000,1,6baaedbf531eaaba08a06ab381bdb1b5a66f42890edcd734483ad91126a3f4f2,a673a1508d679ece31e54d8a2b3384898654eafe918a8f205172d2e02ddcac14,0.3752882824774496,0.039981396215448335,-0.20554046259063938,0.904317864795072,0.8991142779964761,1.0817033214160874,True,0.6247117175225504,1564766.9785750674,940015.5229930796,1488817.4984318523,0.39181865449095243,0.23538048953152038,0.3728008559775272,14020.037811266471,9856.72129143865,6755.199949604546,4163.316519827822,181.71911289402806,44.32984467552146
ckpt_armCS-W10_s2000_seed2,CS-W10_s2000,2,85e768c86213a3a6523323110684836d3b1c48f09800849c4ef34bdd09c0741c,a673a1508d679ece31e54d8a2b3384898654eafe918a8f205172d2e02ddcac14,0.35570305768009414,0.037697806533285395,-0.20955445809078976,0.872539543070434,0.8631328294112711,1.0888726792643326,False,0.6442969423199059,1636474.0010637133,903463.5550129886,1453662.4439232973,0.40977413888814945,0.2262278533185569,0.36399800779329367,13527.364505228246,9462.267417169303,6536.597287272265,4065.0970880589425,179.62365088096814,44.62365584679519
ckpt_armCS-W10_seed0,CS-W10,0,ca323b10ef1409769e10a1955dfab97dc49e824098bf3843c57d583d1c140587,a673a1508d679ece31e54d8a2b3384898654eafe918a8f205172d2e02ddcac14,0.36283403177452467,0.02659897495934027,-0.23730213510103645,0.9643569762908389,0.9657417526515187,0.9309555140430662,True,0.6371659682254753,1638741.9692545063,933181.2830473194,1421676.7476981743,0.4103420395769497,0.23366919146817894,0.35598876895487136,14950.850577545554,10587.138396470677,7205.105987283075,4363.712181074877,189.07648663651585,38.15197061919236
ckpt_armCS-W10_seed1,CS-W10,1,1741451168667f93cf86b6e01a1c2e50eb66a61b4a89b48ba01879c4f7cf87ec,a673a1508d679ece31e54d8a2b3384898654eafe918a8f205172d2e02ddcac14,0.3713454026946583,0.030532050549989975,-0.22450386743855832,0.9528512984789966,0.9509542574765444,0.9627938730154232,True,0.6286545973053417,1599088.5142465015,944579.3776305604,1449932.1081229395,0.4004127890240638,0.2365232816582933,0.36306392931764303,14772.472991249795,10425.02750344492,7203.9721694637055,4347.445487804871,187.73546351333758,39.456754916351024
ckpt_armCS-W10_seed2,CS-W10,2,f01f99c64bcbdbde657dfe84daca22494cb989a96cab86b7d84e5f0014f58aa4,a673a1508d679ece31e54d8a2b3384898654eafe918a8f205172d2e02ddcac14,0.364321386161218,0.031942920283941294,-0.22056113636612287,0.9767140872157812,0.9770342764666049,0.9281882393608977,True,0.635678613838782,1630478.6314025803,934463.1424858442,1428658.2261115774,0.4082728944818158,0.23399016989329022,0.357736935624894,15142.428306074631,10710.9349623202,7339.999181669951,4431.493343754431,189.6709569505887,38.03856350061715
ckpt_armCS-W25_s2000_seed0,CS-W25_s2000,0,94305f19519bb75623b72c7e470dc2ec4fb5b5d14cafe2d28335a971df85644c,a673a1508d679ece31e54d8a2b3384898654eafe918a8f205172d2e02ddcac14,0.3768183335279187,0.04005026203745311,-0.2168514699449493,0.8867752409787684,0.8766325731746387,1.0516567570098554,False,0.6231816664720813,1571121.1618171185,950007.5015330976,1472471.3366497818,0.39340974604795653,0.2378824873630554,0.368707766588988,13748.066794450237,9610.261076082006,6696.711457172626,4137.805718368232,181.31834589514162,43.09849084051833
ckpt_armCS-W25_s2000_seed1,CS-W25_s2000,1,601479e1f5407837bbbd68949271e2609a4cbcce15d22d85cd598bbca93554e4,a673a1508d679ece31e54d8a2b3384898654eafe918a8f205172d2e02ddcac14,0.373795967259569,0.039758799909314205,-0.21342762142769087,0.9130403563599393,0.9071636295348029,1.051807808619571,True,0.626204032740431,1586917.858523489,947268.7253263872,1459413.4161501226,0.39736524902931925,0.2371966960452693,0.3654380549254114,14155.266436408809,9944.963928255513,6886.242488212089,4210.302508153295,182.39678867813842,43.10468116485598
ckpt_armCS-W25_s2000_seed2,CS-W25_s2000,2,0539ce6d8e5e451707dabe5033cd5d8af7aa316c41763c9e6164a18f911f784a,a673a1508d679ece31e54d8a2b3384898654eafe918a8f205172d2e02ddcac14,0.3775120889112913,0.03859567098056133,-0.21722715739492435,0.9066688880283968,0.8998063392724853,1.0581825951188988,True,0.6224879110887087,1567584.4887437155,950672.4296951777,1475343.081561108,0.392524160843278,0.23804898580107609,0.3694268533556459,14056.486759041984,9864.30815250977,6742.854771849141,4192.178606532217,181.52184396902422,43.36592959569639
ckpt_armCS-W25_seed0,CS-W25,0,b423da7d99828613d8376f65c28bcde673bc7b0a47bed2af7047468f607ccdc5,a673a1508d679ece31e54d8a2b3384898654eafe918a8f205172d2e02ddcac14,0.37028657289269684,0.029288875418789065,-0.24015809684086786,0.9387954792297049,0.9336387678209072,0.9426659419333775,True,0.6297134271073032,1610601.868621401,947072.4627327479,1435925.6686458508,0.4032957403398941,0.23714755176601263,0.35955670789409333,14554.559440036192,10235.202961963138,7260.192709037058,4319.3564780730585,187.6027502361424,38.631881736393886
ckpt_armCS-W25_seed1,CS-W25,1,e1a8ca987e5b8821b944379a31312e0c2c9677ec07e4f177c9115bbe768a5fef,a673a1508d679ece31e54d8a2b3384898654eafe918a8f205172d2e02ddcac14,0.3746891323823628,0.029494859013362313,-0.23832855740282047,0.9796392654070777,0.9775704325278564,0.9120765453623638,True,0.6253108676176372,1593858.8820675728,955047.533296665,1444693.584635761,0.39910328577413196,0.23914451454744223,0.36175219967842587,15187.77863082572,10716.812681086103,7445.133509273272,4470.965949739618,190.18571202534295,37.378281814988675
ckpt_armCS-W25_seed2,CS-W25,2,156a7a121ec678ff01aadb27b7c190a24c40c1b8200604d35c59f5655edea9a2,a673a1508d679ece31e54d8a2b3384898654eafe918a8f205172d2e02ddcac14,0.37026939530749525,0.028326633932989745,-0.23754180221463247,0.9760050938648819,0.9743131764938505,0.9136729132631676,True,0.6297306046925047,1614994.895781618,949585.7101906999,1429019.3940276834,0.40439575715685533,0.23777687054053975,0.3578273723026049,15131.436470156628,10681.104356029142,7381.423054404077,4450.332114127487,190.18472914340876,37.44370339564443
ckpt_armCS-W50_s2000_seed0,CS-W50_s2000,0,ceb424515bc6a95e4a92360e0082afe20c644093a27414e560e94391ee854e62,a673a1508d679ece31e54d8a2b3384898654eafe918a8f205172d2e02ddcac14,0.3876495635690762,0.04721121296229599,-0.1915022012370632,0.9105927845797048,0.9016827527806152,1.017569982802051,True,0.6123504364309238,1545190.767541569,978185.8410352,1470223.391423232,0.386916758699311,0.24493836163741983,0.36814487966326914,14117.320654023482,9884.878713371443,6914.283776257666,4232.44194065204,182.30964127487522,41.70156307279792
ckpt_armCS-W50_s2000_seed1,CS-W50_s2000,1,9e3ca536db4f83d7d987da29734afaae71f85ca26365d8287aa5b6f266986987,a673a1508d679ece31e54d8a2b3384898654eafe918a8f205172d2e02ddcac14,0.3782646310889195,0.041043378118277414,-0.20352396489725666,0.910094960285809,0.9005783598682984,1.0313494024686287,True,0.6217353689110805,1573643.9450226228,957407.0836147435,1462548.971362632,0.39404145257978357,0.23973534745962138,0.3662231999605951,14109.602664923083,9872.77158372247,6927.521691167201,4236.831081200617,182.6148322349259,42.266264614749865
ckpt_armCS-W50_s2000_seed2,CS-W50_s2000,2,5c019da2eda50da36db8384f04bcff0c02cc3db39394c250d1a0b81a138e1962,a673a1508d679ece31e54d8a2b3384898654eafe918a8f205172d2e02ddcac14,0.3874015547516487,0.04096368022672729,-0.2138546465190125,0.8952913307327122,0.8841477741881243,1.0191123842155294,False,0.6125984452483513,1540362.855416035,974111.1321755631,1479126.0124084014,0.385707846408262,0.24391805192697397,0.370374101664764,13880.095481488823,9692.64798022964,6879.926364992631,4187.44750125918,182.15641588259854,41.76477302485509
ckpt_armCS-W50_seed0,CS-W50,0,19642905ff51e8bc4614b70d14e4beda6f8e3bcf37f840c1eb7000e99db8dc1e,a673a1508d679ece31e54d8a2b3384898654eafe918a8f205172d2e02ddcac14,0.3833659662104605,0.03651722212825924,-0.22496534473608676,0.9599474147537187,0.9572487801330909,0.9349000701696036,True,0.6166340337895395,1572027.400657184,977341.1299707011,1444231.4693721149,0.3936366688344311,0.2447268454453879,0.36163648572018103,14882.48720456769,10494.032475345131,7403.230472339225,4388.454729222556,189.32201546470813,38.31362451905685
ckpt_armCS-W50_seed1,CS-W50,1,c3c59f16c517471d7eb50f25be1c9d7cb1ed65a9484628bf0868f306a4b235f0,a673a1508d679ece31e54d8a2b3384898654eafe918a8f205172d2e02ddcac14,0.37465528588379315,0.03300408265083245,-0.23136965860442174,0.9841226057293283,0.9824205564219969,0.912171549377996,True,0.6253447141162068,1602806.4655918116,960270.2334045835,1430523.301003606,0.4013437664242316,0.24045228200234958,0.3582039515734189,15257.285828776492,10769.983140752274,7505.1711828873185,4487.302688024217,190.32511123742702,37.38217522381265
ckpt_armCS-W50_seed2,CS-W50,2,1d25716ff7c76e392a881c8771c6891b982d09b2f5b6eea970d015679c6d8e96,a673a1508d679ece31e54d8a2b3384898654eafe918a8f205172d2e02ddcac14,0.37242641512604946,0.03158082722668695,-0.23678986619493034,0.9717360676857091,0.9700826885706803,0.9282386367589134,True,0.6275735848739505,1612279.228727072,956788.7938712686,1424531.9774016598,0.4037157523855849,0.23958052731151555,0.35670372030289954,15065.251878676892,10634.726780446197,7394.640512143819,4430.525098230696,189.50011987342225,38.040628862516165
ckpt_armC_seed0,C,0,cb8040d720b8d8ada99974651e43f20cb5afddb8ee40f81edfef573b6e0db4d8,a673a1508d679ece31e54d8a2b3384898654eafe918a8f205172d2e02ddcac14,0.44590976719720354,0.012344948547058235,-0.29438003638176363,0.9711795977564553,0.9484816028819917,1.1075073224830698,True,0.5540902328027965,1300131.9176902545,1046294.4235821752,1647173.6587275697,0.32555386560753574,0.2619927943665303,0.41245334002593403,15056.62468048399,10397.920529631969,3709.277634010009,4658.704150852022,169.82157961820857,45.387331822559915
ckpt_armC_seed1,C,1,b3cfa194d52e96130e0899967e30f1025f899a830ed034c7b3291e31e9125312,a673a1508d679ece31e54d8a2b3384898654eafe918a8f205172d2e02ddcac14,0.43690661451060886,0.01699727408084621,-0.2790848596380465,0.97622172686389,0.9404165620880738,1.0864742152568954,True,0.5630933854893911,1329886.680907606,1031864.8778534429,1631848.4412389528,0.33300447739072647,0.25837962686634675,0.40861589574292667,15134.795026871585,10309.505896191966,4031.6012520292807,4825.28913067962,175.97277639286068,44.52536314970858
ckpt_armC_seed2,C,2,32e1ca9bf706a8c3af8d5036e8989f1b30dfd3789214f1ac4f3b65351f7e7ec9,a673a1508d679ece31e54d8a2b3384898654eafe918a8f205172d2e02ddcac14,0.4435997439804298,0.02170942342494291,-0.27568435907435584,0.9484921013781916,0.9097539984589621,1.0735572635009536,True,0.5564002560195702,1306801.1782334414,1041869.8802275336,1644928.9415390238,0.32722385272271676,0.2608848858742823,0.41189126140300086,14704.890440291456,9973.361369106231,4377.248310062663,4731.529071185226,176.32961405175553,43.99600685238994
ckpt_armD_seed0,D,0,b5bd502fe349fe63e297df4a49753dd11b392b1b79e4faee691bfdc31d933c67,a673a1508d679ece31e54d8a2b3384898654eafe918a8f205172d2e02ddcac14,0.7455610957942409,0.01211506844045012,-0.44959720044726664,0.3573198244386665,0.3224549081760891,5.0357659047778975,False,0.25443890420575904,658738.3619112286,1930246.0701963776,1404615.5678923947,0.16494850809075232,0.4833348533143973,0.35171663859485036,5539.6864801299025,3534.9768508076218,2305.8374404581596,2004.7096293222805,111.78141531650604,206.37333357620489
ckpt_armD_seed1,D,1,9c3c9ad1c225f61b2291e050db9405153bf424d3a656cd75f680a7bbca073d4f,a673a1508d679ece31e54d8a2b3384898654eafe918a8f205172d2e02ddcac14,0.7423439358739492,0.015099025298546053,-0.4289755305307444,0.35531303481430737,0.3181518057321845,4.901239779290922,False,0.25765606412605085,668237.2636453956,1925287.0374883816,1400075.6988662216,0.16732703917402741,0.4820931083454483,0.35057985248052437,5508.574337477332,3487.8032239216273,2239.3403694775534,2020.7711135557045,111.84543262689377,200.86024867615083
ckpt_armD_seed2,D,2,676a5959813efe833a12bbdae83944b114b354003b8ee009ee6b869f519f421b,a673a1508d679ece31e54d8a2b3384898654eafe918a8f205172d2e02ddcac14,0.7498879234650857,0.020780067307754533,-0.42354525280308536,0.30735560114811183,0.2670587949084605,5.360438078843181,False,0.25011207653491424,637806.2715559774,1912275.5973094918,1443518.1311345317,0.15970709924779078,0.47883503538398725,0.361457865368222,4765.069139242936,2927.6858061979156,2018.6340308639753,1837.3833330450211,102.55327748441618,219.67889228331512
ckpt_armE_cvp100_seed0,E_cvp100,0,e295bfde9decf88e563155ccea6dcec4281ef4f6f44146acef9b02e6a2377881,a673a1508d679ece31e54d8a2b3384898654eafe918a8f205172d2e02ddcac14,0.7282103642351968,-0.019405311747237832,-0.4919828961331292,1.013410050779364,1.0074481045111754,2.853420232105041,True,0.2717896357648032,715724.661670719,1917652.6547847216,1360222.6835445596,0.1792179140802081,0.4801814540226166,0.3406006318971754,15711.341977595288,11044.352675482403,7301.908062328304,4666.989302112882,187.12333221001657,116.9374940234196
ckpt_armE_cvp100_seed1,E_cvp100,1,bd95cb32b60139a99da36ff9b541b1bbd8bec1c3b6eb26146286601329481ce1,a673a1508d679ece31e54d8a2b3384898654eafe918a8f205172d2e02ddcac14,0.7191171400581593,-0.02137382854271692,-0.49673611085955094,1.0289052195675188,1.0186534797431814,2.672419159951926,True,0.28088285994184076,738235.3719882558,1890032.41245795,1365332.2155537945,0.18485461037366177,0.4732653276387094,0.34188006198762877,15951.570398108819,11167.193857444267,7339.610320531063,4784.376540664553,188.83649678808914,109.5197952368925
ckpt_armE_cvp100_seed2,E_cvp100,2,40b79e81056ab8b2ffd91d1db87bd8260288e8914f62f3d4ca31584dc9971ccd,a673a1508d679ece31e54d8a2b3384898654eafe918a8f205172d2e02ddcac14,0.7312560125134209,-0.011842216013573837,-0.4821671414870458,1.0103413215220287,1.006658773823202,2.843777484749717,True,0.2687439874865791,701402.5525251717,1908525.8000494116,1383671.6474254169,0.17563164876932383,0.47789608374634707,0.34647226748432913,15663.766117496441,11035.699478899352,7176.109534248161,4628.066638597087,187.3114188863071,116.54231959430977
ckpt_armE_cvp10_seed0,E_cvp10,0,c74a775b0ad273f98276972919a7fd7f42d8382a49e0e6a4228d2d52f33156b1,a673a1508d679ece31e54d8a2b3384898654eafe918a8f205172d2e02ddcac14,0.7295562634600926,-0.014224155813349333,-0.47243493700494926,0.9903501898080973,0.9861760833638378,2.8962727055650017,True,0.2704437365399074,710176.5196056889,1915791.1906906571,1367632.289703652,0.1778286557506233,0.47971534222021683,0.3424560020291598,15353.834805254986,10811.153860953382,7083.7776452715425,4542.680944301603,184.65359262015392,118.6936534571866
ckpt_armE_cvp10_seed1,E_cvp10,1,f621cc03c4733b18901d6c5de6d6a43f1689964d2e2922e6d2dd9e735580ffb0,a673a1508d679ece31e54d8a2b3384898654eafe918a8f205172d2e02ddcac14,0.7165892489499799,-0.018448755450064726,-0.4996019123400562,0.951265504313822,0.945907063466386,2.79905511407498,True,0.2834107510500201,744314.3474314827,1881959.866492449,1367325.7860760672,0.18637678972142502,0.47124395695423915,0.34237925332433583,14747.887726463865,10369.696622955727,6768.640254249306,4378.191103508137,182.0439408211317,114.70952893324683
ckpt_armE_cvp10_seed2,E_cvp10,2,272968042ec5c975ac37a67fbea53d0d7f81ec7f1019443c8a9763b8bc0c77f9,a673a1508d679ece31e54d8a2b3384898654eafe918a8f205172d2e02ddcac14,0.7304981978266079,-0.005668773658944572,-0.4588270786890036,0.9759558586035982,0.9704714920953117,2.8615158324261722,True,0.2695018021733922,699891.2709809393,1897090.512950297,1396618.2160687638,0.1752532229018778,0.4750326805264165,0.34971409657170566,15130.673154234522,10638.98911736288,6858.960470161506,4491.684036871642,183.6837730151427,117.26926401772917
ckpt_armE_cvp1k_seed0,E_cvp1k,0,0a66b3fb6df36a5172012ee781bd8ae8f0283751fef4aa96ec9a5acb75960fad,a673a1508d679ece31e54d8a2b3384898654eafe918a8f205172d2e02ddcac14,0.7265190697018284,-0.01840715992488307,-0.4888074158282339,1.0137657577012944,1.0055348462325897,2.8284069439684316,True,0.27348093029817155,721520.174166211,1916763.1364088624,1355316.6894249253,0.18066911412415146,0.47995871805109747,0.339372167824751,15716.856658538063,11023.378196406642,7357.800050116408,4693.47846213142,188.00134239066045,115.91241149296351
ckpt_armE_cvp1k_seed1,E_cvp1k,1,f09c20b82dc250c8aac2da7459626d67a42995cbd7023fee6fa69c5d5d6959ff,a673a1508d679ece31e54d8a2b3384898654eafe918a8f205172d2e02ddcac14,0.7144689721463036,-0.02522720541218251,-0.5129654149581556,1.043888703030189,1.0334773126005488,2.641539925678829,True,0.2855310278536965,749808.6756920494,1876206.0216537134,1367585.3026542373,0.18775257303987616,0.4698031905182576,0.3424442364418663,16183.865935849552,11329.703109629128,7384.625761232478,4854.162826220422,189.4595777288107,108.25431732633807
ckpt_armE_cvp1k_seed2,E_cvp1k,2,81eac2d879dab4f3e15ecb7f43e06d815583790c8c599c6bf4d421128ddef71b,a673a1508d679ece31e54d8a2b3384898654eafe918a8f205172d2e02ddcac14,0.7394737808702475,-0.012865328190867597,-0.4805260128304834,1.0079805943827818,1.0009246897621245,2.8615845475804385,True,0.2605262191297525,682811.6430172219,1938082.504596974,1372705.8523858036,0.17097647311128356,0.4852971015116622,0.3437264253770542,15627.166725797122,10972.838427935212,7291.047129806971,4654.328297861912,187.1734370473939,117.27208006909478
ckpt_armE_seed0,E,0,b133059534dfb280b68008eaaabf4e1ca4e7ca29579bcafb4a009457eb64ec08,a673a1508d679ece31e54d8a2b3384898654eafe918a8f205172d2e02ddcac14,0.7353558818353306,-0.012037553459453095,-0.4789458071106127,0.8763534097303397,0.8713037006797499,3.1426330356492387,False,0.2646441181646694,696565.4035058945,1935518.0462856137,1361516.5502084915,0.17442042355416026,0.484654959506614,0.34092461693922566,13586.492558383674,9551.842238493557,6115.706459184813,4034.6503198901178,173.62422049863665,128.78987388160695
ckpt_armE_seed1,E,1,b34ceb3e4ec7237023cc6629be812898df9bf814f9efc752c5c39dbe1ecd0a8f,a673a1508d679ece31e54d8a2b3384898654eafe918a8f205172d2e02ddcac14,0.7238196938545995,-0.012163516823925573,-0.48850942702784733,0.8810700957922949,0.8699103880568956,3.0045165379942302,False,0.27618030614540046,721128.0307097273,1889948.9167177826,1382523.0525724888,0.18057092115127393,0.47324442025184876,0.3461846585968773,13659.617418023012,9536.567768349538,5936.287785931229,4123.049649673472,172.87768136220734,123.12965007813541
ckpt_armE_seed2,E,2,98790ffe08d736d3da8bcbab1752aaf35d4837273a9170e2c4e851e203ed9921,a673a1508d679ece31e54d8a2b3384898654eafe918a8f205172d2e02ddcac14,0.7379750767828037,-0.002611423214041992,-0.4582358544328382,0.8727570557806131,0.864082353865546,3.1115857924128765,False,0.26202492321719634,680107.0163675057,1915474.3810698476,1398018.6025626466,0.17029923286445955,0.47963601288808283,0.3500647542474576,13530.73670049261,9472.676770167287,6083.32705397092,4058.059930325326,173.65184905544098,127.5175107086167
ckpt_armF_seed0,F,0,849b5dfda47ee5f8ad64609140bc81d31a7f4cbfbc3905c2565791dd9bc237c5,a673a1508d679ece31e54d8a2b3384898654eafe918a8f205172d2e02ddcac14,0.7866550466499704,-0.013520632326944918,-0.5527932345282728,0.9920395473062849,0.9708209987105479,3.159348501203496,True,0.2133449533500296,564716.0962147011,2082246.4278445665,1346637.4759407307,0.14140527248965878,0.5213958403056309,0.33719888720471036,15380.025657966607,10642.820653998662,3534.361059679282,4737.205003967943,168.90038580137727,129.47489904241462
ckpt_armF_seed1,F,1,0784990cea67d2296a79d91f96465cf812bf548e3fcbbd29ac4cebccde8d419f,a673a1508d679ece31e54d8a2b3384898654eafe918a8f205172d2e02ddcac14,0.7699160112045788,-0.011055504459020439,-0.5301559567203084,1.0027028521723673,0.9695104491835314,2.855333438235367,True,0.23008398879542122,603935.7723931321,2020913.4209599984,1368750.806646871,0.15122590454555587,0.5060380160657045,0.34273607938873957,15545.343565790332,10628.453490955479,3819.5330841463997,4916.890074834855,173.89054359358528,117.01590011583927
ckpt_armF_seed2,F,2,78e9788341e331dc8fabf1218730708e8ea8a8d7a099ab7048cbb7c6215baef7,a673a1508d679ece31e54d8a2b3384898654eafe918a8f205172d2e02ddcac14,0.789448482285816,-0.007900130412115939,-0.5385011068896773,1.0217684008574084,1.0211580714620438,3.025796428215709,True,0.210551517714184,557136.1087903203,2088943.6480253595,1347520.2431843202,0.13950723877962748,0.5230728285319911,0.33741993268838144,15840.925157023621,11194.650948412373,4412.069595904419,4646.274208611246,180.9193477947715,124.0017322928737
ckpt_armG_tail_seed0,G_tail,0,865415915626b9615ad8420c7c3886d43657b574a1bd170d6f7057257b274820,a673a1508d679ece31e54d8a2b3384898654eafe918a8f205172d2e02ddcac14,0.7246870555603994,-0.011426152585289319,-0.45901419623623935,0.9919850318169682,0.9850170585244368,2.815355706316896,True,0.27531294443960064,720170.8994033011,1895655.6134735583,1377773.48712314,0.18033125485859908,0.47467338077763394,0.3449953643637671,15379.180480345693,10798.447817804688,7222.737722132429,4580.7326625410005,186.48649406725195,115.37755195573061
ckpt_armG_tail_seed1,G_tail,1,dc7bf5cf0d5957c6bb6ed7dc96ebf3d41e2b21cdbef2e39389018e185ad0419a,a673a1508d679ece31e54d8a2b3384898654eafe918a8f205172d2e02ddcac14,0.7146653200072219,-0.015593979202262126,-0.47795661790044597,1.04305120001127,1.0324170716633698,2.583788339746996,True,0.285334679992778,745651.1960421646,1867600.007986163,1380348.7959716737,0.1867115374704939,0.46764823917922743,0.3456402233502788,16170.881757996383,11318.080004896732,7433.057147951923,4852.801753099651,189.73768718281548,105.8875696392073
ckpt_armG_tail_seed2,G_tail,2,3e5a3e9eca320d422d362c2b3b62ce05fc267eb05738f19bbda1c01931e45cf1,a673a1508d679ece31e54d8a2b3384898654eafe918a8f205172d2e02ddcac14,0.7354937337021783,-0.008662679572813527,-0.4705778067076308,1.0304426047360673,1.0271959005243871,2.7623512752979376,True,0.2645062662978217,689463.339104536,1917141.5960247982,1386995.064870665,0.17264206207545477,0.48005348458153013,0.3473044533430152,15975.405156917232,11260.841865105946,7299.296668511244,4714.563291811286,188.69557434020237,113.20534988547277
ckpt_armWA-B_seed0,WA-B,0,523af05c62c9e635c23acdbe7e05463581826c48bb00b982f0e59f6171fd90e6,a673a1508d679ece31e54d8a2b3384898654eafe918a8f205172d2e02ddcac14,0.3724326053496875,0.035456227187210636,-0.19215716533369706,1.0120874348691604,1.0132307008646708,0.9422863433694835,True,0.6275673946503125,1587948.3889136035,942374.8918209313,1463276.7192654645,0.3976232944996003,0.23597127699843037,0.36640542850196933,15690.836881110175,11107.745552219167,7731.309885004095,4583.09132889101,192.813699915574,38.616325210826005
ckpt_armWA-B_seed1,WA-B,1,4f23ae10560c1857488fb86237c7e76f019b3e23c619900a4996a62913cd7620,a673a1508d679ece31e54d8a2b3384898654eafe918a8f205172d2e02ddcac14,0.38011589674031276,0.03655796806451658,-0.19709530707862036,1.0156388106831848,1.0182627391137544,0.9312945269139289,True,0.6198841032596872,1561869.052196761,957745.5725106728,1473985.3752925675,0.3910930118681792,0.23982010529614195,0.36908688283567886,15745.895423170407,11162.910284626263,7759.182234555203,4582.985138544142,193.09531030553526,38.165863881430546
ckpt_armWA-B_seed2,WA-B,2,f3f423a2e69ec596b83bf0dd76d51903eb5cfcbed4a57a118b0924f80f244b5a,a673a1508d679ece31e54d8a2b3384898654eafe918a8f205172d2e02ddcac14,0.3805295833963934,0.03669309279263682,-0.1951017738246277,1.0066951645809883,1.0083631444502965,0.9407516120945169,True,0.6194704166036066,1556630.8991477294,956210.4850822511,1480758.6157700196,0.3897813749869114,0.23943571842003483,0.3707829065930538,15607.238141914777,11054.383985040238,7723.435122532757,4552.854156874536,192.9521877514616,38.553429592692126
ckpt_armWA-C_seed0,WA-C,0,82da4b3f331fe6515f88286708a17d62d5897803936ddf3d631aa4b7c443220e,a673a1508d679ece31e54d8a2b3384898654eafe918a8f205172d2e02ddcac14,0.33815795096166457,0.040420428575613156,-0.2104096639075906,0.08091820685728,0.055050400600357305,5.617560801853095,False,0.6618420490383354,1619164.2309755632,827286.9023850756,1547148.8666393603,0.4054397613620702,0.2071531706693399,0.3874070679685899,1254.5105697055224,603.501099892327,220.07980341776582,651.0094698131952,38.32407571384665,230.21617191249746
ckpt_armWA-C_seed1,WA-C,1,096a2cd803304ac32ff634f3e3da96e2f6d69b3d0b50fca1ef876c2a87cde0ba,a673a1508d679ece31e54d8a2b3384898654eafe918a8f205172d2e02ddcac14,0.3502755440017259,0.044393858530008316,-0.19830559252316615,0.09075728375766208,0.06312342020009505,5.431130494657588,False,0.6497244559982741,1541398.877680232,830989.6994311801,1621211.422888588,0.38596726704733375,0.20808035342327227,0.405952379529394,1407.0501086679367,692.0032025975056,221.18491085417705,715.0469060704311,39.30449851432029,222.5759748296528
ckpt_armWA-C_seed2,WA-C,2,537c64b6f3a78c1b046275960b7e3d4c9c99e68ac9fdffbf96a903705c62635f,a673a1508d679ece31e54d8a2b3384898654eafe918a8f205172d2e02ddcac14,0.35081709360237545,0.040107036802629115,-0.23482737576534998,0.08575389984555797,0.057271225495518316,5.617128159467926,False,0.6491829063976245,1536975.3000283036,830578.2582702665,1626046.4417014301,0.38485960036766415,0.20797732829283516,0.40716307133950075,1329.4804460937287,627.8473399247607,195.36992232142651,701.6331061689679,38.70022910411381,230.19844157058682
ckpt_armWA-D_seed0,WA-D,0,1ad0dbe5f421aed35d631afd8348122c055b803b812443b5daca9da2c38b2d4b,a673a1508d679ece31e54d8a2b3384898654eafe918a8f205172d2e02ddcac14,0.3433992664349772,0.04112451562927292,-0.2141411875745517,0.08416916646551935,0.057229288022309414,5.521187152941024,False,0.6566007335650228,1601241.252488381,837442.0608768349,1554916.686634782,0.4009518360597911,0.20969602886539346,0.38935213507481536,1304.91162712657,627.3875919314262,229.32425168845546,677.5240351951439,38.66915475067,226.26663343692684
ckpt_armWA-D_seed1,WA-D,1,b1ceb198e134d87ef496c63a40b972424a88cea387ffedd5b1c3ffbf99a3eb19,a673a1508d679ece31e54d8a2b3384898654eafe918a8f205172d2e02ddcac14,0.3538673621380791,0.04440355921322343,-0.20352589808448654,0.09854315752251636,0.06928018834582561,5.206481835099518,False,0.6461326378619209,1556682.8478694083,852548.2552374324,1584368.8968931586,0.38979438298012037,0.21347862961674494,0.3967269874031347,1527.7579358894425,759.4980129387461,228.90081167955225,768.2599229506964,39.93461648962576,213.3695316325142
ckpt_armWA-D_seed2,WA-D,2,b377475c12c90394ce815629eaf8feb357cab8be6d87395f6c7aeb70bdc62a15,a673a1508d679ece31e54d8a2b3384898654eafe918a8f205172d2e02ddcac14,0.3468013844088026,0.03939200779252108,-0.21536395425959098,0.08371303500117859,0.05532717813533887,5.729329660571413,False,0.6531986155911974,1541847.7240876707,818610.0100307249,1633142.2658816034,0.38607965847547854,0.2049804712617,0.40893987026282147,1297.840020310072,606.5353293432527,186.3055268938573,691.3046909668194,38.51369611615712,234.79662946351706
ckpt_armWA-E_seed0,WA-E,0,d6fa12d3589237f896f86880712092b5c12b987a86b6df514b82f891e0675a2a,a673a1508d679ece31e54d8a2b3384898654eafe918a8f205172d2e02ddcac14,0.35725020942319474,0.03916839628074558,-0.1926076311689908,0.3187054139077475,0.2747330554378947,2.5158228220638392,False,0.6427497905768053,1577404.2163039816,876745.500164094,1539450.2835319233,0.394983026919066,0.21953763525743544,0.3854793378234985,4941.030281044493,3011.8164323126284,1263.729441026459,1929.2138487318646,94.68301684794375,103.1022395190765
ckpt_armWA-E_seed1,WA-E,1,47cd5a0456ced96001b2c475ebc60a7e4ced0497b8775b5233a94942c53c5236,a673a1508d679ece31e54d8a2b3384898654eafe918a8f205172d2e02ddcac14,0.3614632727192608,0.036281021160669044,-0.2158926829772141,0.3250023434974631,0.26989897158530934,2.510176941603658,False,0.6385367272807392,1559535.076774485,882822.5984306557,1551242.3247948592,0.39050858292630336,0.2210593445589583,0.38843207251473844,5038.65435149532,2958.8218148313513,1135.5792989285035,2079.8325366639688,91.48288557683878,102.8708627645624
ckpt_armWA-E_seed2,WA-E,2,5f2d59b1e001af8c7917417310d5317027f0a0f9919f416da3d0139b4156ed5e,a673a1508d679ece31e54d8a2b3384898654eafe918a8f205172d2e02ddcac14,0.37189954812699144,0.038348973631332224,-0.19699828373367131,0.37133373203390924,0.327156185818046,2.2351671552611903,False,0.6281004518730086,1535811.8534612556,909357.3052002813,1548430.841338465,0.3845682726014761,0.22770365214349983,0.3877280752550241,5756.950256527177,3586.515553466977,1503.654206398875,2170.4347030602003,103.06968841258833,91.60054411854938
ckpt_armWA-F_seed0,WA-F,0,117aa0f78aabe5b354d90067de5cb985a11d0598c3561f1f5f5285d574ca2a5f,a673a1508d679ece31e54d8a2b3384898654eafe918a8f205172d2e02ddcac14,0.33699612853903227,0.03666841620993532,-0.2193933613586931,0.08029117155583408,0.05376449568312678,5.660088423854716,False,0.6630038714609677,1615767.2797863097,821273.2102275302,1556559.5099861592,0.4045891626067483,0.20564733829815965,0.389763499095092,1244.7893654945863,589.4041083456291,209.73478399067665,655.3852571489573,38.0737626664081,231.95901844021554
ckpt_armWA-F_seed1,WA-F,1,de44df0942844a63d583879761a2e8ba6b7312661983eef466a6f9587dd15324,a673a1508d679ece31e54d8a2b3384898654eafe918a8f205172d2e02ddcac14,0.3406763660139187,0.04216554084939542,-0.20846400579430036,0.09042813313054826,0.0632182720989016,5.4534466889027895,False,0.6593236339860813,1605366.8131062347,829502.3927807865,1558730.7941129797,0.4019848790830915,0.20770793088461195,0.3903071900322965,1401.947141650047,693.0430356347288,215.1092827828806,708.9041060153182,39.198841676067424,223.4905263569084
ckpt_armWA-F_seed2,WA-F,2,587fa2e277408ae4c7c20c20680fb026202be83044c45f5f2a8943699fee71ac,a673a1508d679ece31e54d8a2b3384898654eafe918a8f205172d2e02ddcac14,0.35693755919567893,0.04822555609622681,-0.18921061515039228,0.08016528720291409,0.05367642124059492,5.7819585969507745,False,0.6430624408043211,1544597.586344887,857342.7048855508,1591659.708769562,0.38676822574741765,0.2146791628819989,0.3985526113705834,1242.8377249747066,588.438574537324,180.25974445898012,654.3991504373827,38.41014227403786,236.95344319325656
ckpt_armWA-G_seed0,WA-G,0,4154c3105ff9050606886f4825e2268da41d5f63b4073ee69dbec3626537ef8e,a673a1508d679ece31e54d8a2b3384898654eafe918a8f205172d2e02ddcac14,0.37350242208855444,0.035054242777746825,-0.19189171366063842,1.0152959219645292,1.0159700351584826,0.9280232125630282,True,0.6264975779114456,1585352.323517044,945147.9998874484,1463099.6765955086,0.39697323806015716,0.23666566503591951,0.3663610969039233,15740.579468473772,11137.776055925937,7737.02528625012,4602.803412547835,193.42807144514504,38.031800451847666
ckpt_armWA-G_seed1,WA-G,1,74060e7a56a2c0c90ccd130a155e838cca1271875983f70a663eed749bd82ee2,a673a1508d679ece31e54d8a2b3384898654eafe918a8f205172d2e02ddcac14,0.3805522531673935,0.013361374829711404,-0.28534051617542794,1.010391290095188,1.0114163102091318,0.9371024233940619,True,0.6194477468326065,1559406.0846327688,958007.3575928387,1476186.557774393,0.39047628321133027,0.2398856564485273,0.3696380603401424,15664.540802275256,11087.854929366096,7659.849644080873,4576.685872909158,193.44471501298747,38.40388029846322
ckpt_armWA-G_seed2,WA-G,2,35d61b7eded885168e146f9290380b6592f1d9f18391692a561f4b46ea4209db,a673a1508d679ece31e54d8a2b3384898654eafe918a8f205172d2e02ddcac14,0.3818730025540439,0.03716674096124756,-0.19417976687948868,1.0064672520615692,1.0081414841678347,0.9295215582749607,True,0.6181269974459561,1556161.5729414395,961381.8758504038,1476056.551208159,0.38966385540400605,0.2407306379833742,0.3696055066126197,15603.704713831234,11051.953989566831,7700.8021605338345,4551.7507242644015,193.31372513006164,38.09320493435702
