study,seed,arm,is_control,trained_lfs,trained_mexa,trained_aar10,heldout_lfs,heldout_mexa,heldout_aar10,cvp_vs_frozen,ppl_geomean_ratio_vs_control,context_trained,context_heldout,delta_mexa_vs_control,delta_aar10_vs_control,delta_context_trained_vs_control,delta_context_heldout_vs_control,checkpoint,profile_result_sha256,reference_grid_sha256,R1_concept_dominance,R2_mean_alignment_margin,R3_weak_language_tail,R4_within_concept_ratio,R4_shared_concept_ratio,R4_effective_rank_ratio,R4_passes_legacy_cvp_gate,lfs,ss_language,ss_concept,ss_residual,language_share_total,concept_share_total,residual_share_total,within_concept_spread,shared_concept_energy,language_energy,residual_energy,mean_vector_norm,effective_rank
original,0,A,0,0.44456918453047795,0.4444444444444444,-0.09022118772069614,0.5001732209757385,0.5662499999999999,-0.09214922529645264,1.0,0.6839676392872793,0.29948310057322186,0.5661796530087789,0.036666666666666625,0.004336262742678315,-0.022438728809356656,0.0020405941539340944,Qwen3-0.6B-Base,babeeddbc725dd6b3d817a0b53489570834f6123286e97ea57935c8b72cb5cdb,a673a1508d679ece31e54d8a2b3384898654eafe918a8f205172d2e02ddcac14,0.39092226392623697,0.040464773070830344,-0.19499514186792696,1.0,1.0,1.0,True,0.609077736073763,1464256.6155364735,939798.7764326446,1589544.6080308822,0.3666507951563685,0.23532621605384726,0.39802298878978415,15503.440059147299,10962.701330249902,7493.574007113291,4540.738728897399,190.97729061969892,40.981518497593264
original,0,B,1,0.47021067644088643,0.4077777777777778,-0.09455745046337445,0.5224173119650629,0.5516666666666666,-0.08815169974695891,0.9576933183902197,1.0,0.3219218293825785,0.5641390588548448,0.0,0.0,0.0,0.0,ckpt_armB_seed0,51b770d729a4d2a6ab3a008351ef4c47c1dc394d67648dfc10e9f52d7c15c8b8,a673a1508d679ece31e54d8a2b3384898654eafe918a8f205172d2e02ddcac14,0.3787423461367747,0.03240088122827114,-0.2189898730339932,0.9529819541092845,0.9485271905800021,1.0192161807485436,True,0.6212576538632253,1532512.487621918,934278.0268967374,1526809.485481347,0.3837421092803278,0.233943816831114,0.3823140738885582,14774.498602982354,10398.420293949592,7312.9108505411505,4376.078309032763,187.20721107307696,41.7690267643928
original,0,C,0,0.3590617684234311,0.44222222222222224,-0.14112453504155079,0.4455188198379164,0.5275000000000001,-0.17013602936640382,0.8633488271244281,1.0369241103727276,0.31287598345014783,0.5470354795455933,0.034444444444444444,-0.046567084578176335,-0.009045845932430685,-0.01710357930925155,ckpt_armC_seed0,cb8040d720b8d8ada99974651e43f20cb5afddb8ee40f81edfef573b6e0db4d8,a673a1508d679ece31e54d8a2b3384898654eafe918a8f205172d2e02ddcac14,0.44590976719720354,0.012344948547058235,-0.29438003638176363,0.9711795977564553,0.9484816028819917,1.1075073224830698,True,0.5540902328027965,1300131.9176902545,1046294.4235821752,1647173.6587275697,0.32555386560753574,0.2619927943665303,0.41245334002593403,15056.62468048399,10397.920529631969,3709.277634010009,4658.704150852022,169.82157961820857,45.387331822559915
original,0,D,0,0.15538644990484674,0.48666666666666664,-0.1921070198295638,0.21089061975903797,0.55875,-0.19287245604209602,0.22919689284825853,1.0713869479585263,0.3158996462821961,0.561245878537496,0.07888888888888884,-0.09754956936618935,-0.006022183100382439,-0.0028931803173488646,ckpt_armD_seed0,b5bd502fe349fe63e297df4a49753dd11b392b1b79e4faee691bfdc31d933c67,a673a1508d679ece31e54d8a2b3384898654eafe918a8f205172d2e02ddcac14,0.7455610957942409,0.01211506844045012,-0.44959720044726664,0.3573198244386665,0.3224549081760891,5.0357659047778975,False,0.25443890420575904,658738.3619112286,1930246.0701963776,1404615.5678923947,0.16494850809075232,0.4833348533143973,0.35171663859485036,5539.6864801299025,3534.9768508076218,2305.8374404581596,2004.7096293222805,111.78141531650604,206.37333357620489
original,0,E,0,0.18171202124539754,0.40444444444444444,-0.25878231475750607,0.21336381239803812,0.49,-0.22611815785057843,0.8572150646356702,1.0700978498931508,0.31454012129041886,0.5595591147740683,-0.003333333333333355,-0.16422486429413163,-0.007381708092159656,-0.004579944080776555,ckpt_armE_seed0,b133059534dfb280b68008eaaabf4e1ca4e7ca29579bcafb4a009457eb64ec08,a673a1508d679ece31e54d8a2b3384898654eafe918a8f205172d2e02ddcac14,0.7353558818353306,-0.012037553459453095,-0.4789458071106127,0.8763534097303397,0.8713037006797499,3.1426330356492387,False,0.2646441181646694,696565.4035058945,1935518.0462856137,1361516.5502084915,0.17442042355416026,0.484654959506614,0.34092461693922566,13586.492558383674,9551.842238493557,6115.706459184813,4034.6503198901178,173.62422049863665,128.78987388160695
original,0,F,0,0.11078745713323393,0.4733333333333334,-0.2425331107030312,0.164773900686928,0.5420833333333334,-0.25411039777100086,0.902588308838103,1.0646277776169843,0.29222580591837566,0.5386045098304749,0.06555555555555559,-0.14797566023965675,-0.02969602346420286,-0.025534549024369912,ckpt_armF_seed0,849b5dfda47ee5f8ad64609140bc81d31a7f4cbfbc3905c2565791dd9bc237c5,a673a1508d679ece31e54d8a2b3384898654eafe918a8f205172d2e02ddcac14,0.7866550466499704,-0.013520632326944918,-0.5527932345282728,0.9920395473062849,0.9708209987105479,3.159348501203496,True,0.2133449533500296,564716.0962147011,2082246.4278445665,1346637.4759407307,0.14140527248965878,0.5213958403056309,0.33719888720471036,15380.025657966607,10642.820653998662,3534.361059679282,4737.205003967943,168.90038580137727,129.47489904241462
original,1,A,0,0.44456918453047795,0.4444444444444444,-0.09022118772069614,0.5001732209757385,0.5662499999999999,-0.09214922529645264,1.0,0.692759462987756,0.29948310057322186,0.5661796530087789,0.025555555555555554,0.010539377729097993,0.008857439623938701,0.026878052287631626,Qwen3-0.6B-Base,babeeddbc725dd6b3d817a0b53489570834f6123286e97ea57935c8b72cb5cdb,a673a1508d679ece31e54d8a2b3384898654eafe918a8f205172d2e02ddcac14,0.39092226392623697,0.040464773070830344,-0.19499514186792696,1.0,1.0,1.0,True,0.609077736073763,1464256.6155364735,939798.7764326446,1589544.6080308822,0.3666507951563685,0.23532621605384726,0.39802298878978415,15503.440059147299,10962.701330249902,7493.574007113291,4540.738728897399,190.97729061969892,40.981518497593264
original,1,B,1,0.46845935177759823,0.41888888888888887,-0.10076056544979413,0.5260700096665037,0.5520833333333333,-0.09044603852089494,0.9462198735150918,1.0,0.29062566094928316,0.5393016007211473,0.0,0.0,0.0,0.0,ckpt_armB_seed1,e568ba14666e938c595509fdf68ee85672228d6beaf666aee05f1ef8c4fd83ef,a673a1508d679ece31e54d8a2b3384898654eafe918a8f205172d2e02ddcac14,0.37501097223714674,0.031281840657448844,-0.22957493847669083,0.95949723990007,0.957625193914114,1.0034399932892395,True,0.6249890277628533,1543733.4791513644,926283.4500692249,1523583.0707794104,0.3865518527522447,0.23194196966877628,0.381506177578979,14875.50794570801,10498.158987203078,7293.940742629231,4377.34895850493,186.9554516182292,41.12249464620783
original,1,C,0,0.36685366501357336,0.4177777777777778,-0.14436235434065262,0.4509316891505177,0.53375,-0.1623462347779423,0.9038260229552455,1.0321326313162271,0.2807072851392958,0.5327017042371961,-0.0011111111111110628,-0.04360178889085849,-0.009918375809987334,-0.006599896483951206,ckpt_armC_seed1,b3cfa194d52e96130e0899967e30f1025f899a830ed034c7b3291e31e9125312,a673a1508d679ece31e54d8a2b3384898654eafe918a8f205172d2e02ddcac14,0.43690661451060886,0.01699727408084621,-0.2790848596380465,0.97622172686389,0.9404165620880738,1.0864742152568954,True,0.5630933854893911,1329886.680907606,1031864.8778534429,1631848.4412389528,0.33300447739072647,0.25837962686634675,0.40861589574292667,15134.795026871585,10309.505896191966,4031.6012520292807,4825.28913067962,175.97277639286068,44.52536314970858
original,1,D,0,0.1527147555513845,0.5033333333333333,-0.17799560896431407,0.21143038049868704,0.5645833333333333,-0.18025404796935618,0.2295857895775535,1.0540230239183015,0.290147864818573,0.5458619912465413,0.08444444444444443,-0.07723504351451994,-0.0004777961307101397,0.006560390525394033,ckpt_armD_seed1,9c3c9ad1c225f61b2291e050db9405153bf424d3a656cd75f680a7bbca073d4f,a673a1508d679ece31e54d8a2b3384898654eafe918a8f205172d2e02ddcac14,0.7423439358739492,0.015099025298546053,-0.4289755305307444,0.35531303481430737,0.3181518057321845,4.901239779290922,False,0.25765606412605085,668237.2636453956,1925287.0374883816,1400075.6988662216,0.16732703917402741,0.4820931083454483,0.35057985248052437,5508.574337477332,3487.8032239216273,2239.3403694775534,2020.7711135557045,111.84543262689377,200.86024867615083
original,1,E,0,0.1849816466444239,0.4155555555555555,-0.24156422695765892,0.22678349235539794,0.4962500000000001,-0.22209150370326824,0.8614766420141169,1.03999084632682,0.2847600301106771,0.5492637382613289,-0.003333333333333355,-0.14080366150786477,-0.005865630838606084,0.009962137540181604,ckpt_armE_seed1,b34ceb3e4ec7237023cc6629be812898df9bf814f9efc752c5c39dbe1ecd0a8f,a673a1508d679ece31e54d8a2b3384898654eafe918a8f205172d2e02ddcac14,0.7238196938545995,-0.012163516823925573,-0.48850942702784733,0.8810700957922949,0.8699103880568956,3.0045165379942302,False,0.27618030614540046,721128.0307097273,1889948.9167177826,1382523.0525724888,0.18057092115127393,0.47324442025184876,0.3461846585968773,13659.617418023012,9536.567768349538,5936.287785931229,4123.049649673472,172.87768136220734,123.12965007813541
original,1,F,0,0.11908199663311117,0.4777777777777777,-0.23972448954979578,0.1761739587387235,0.5370833333333334,-0.24764836044050753,0.94682170040917,1.055393607762196,0.2969845586352878,0.5613404949506124,0.058888888888888824,-0.13896392410000163,0.0063588976860046165,0.022038894229465145,ckpt_armF_seed1,0784990cea67d2296a79d91f96465cf812bf548e3fcbbd29ac4cebccde8d419f,a673a1508d679ece31e54d8a2b3384898654eafe918a8f205172d2e02ddcac14,0.7699160112045788,-0.011055504459020439,-0.5301559567203084,1.0027028521723673,0.9695104491835314,2.855333438235367,True,0.23008398879542122,603935.7723931321,2020913.4209599984,1368750.806646871,0.15122590454555587,0.5060380160657045,0.34273607938873957,15545.343565790332,10628.453490955479,3819.5330841463997,4916.890074834855,173.89054359358528,117.01590011583927
original,2,A,0,0.44456918453047795,0.4444444444444444,-0.09022118772069614,0.5001732209757385,0.5662499999999999,-0.09214922529645264,1.0,0.650617988651297,0.29948310057322186,0.5661796530087789,0.01888888888888879,1.9616136948258367e-05,0.01234212981330024,-0.001353067821926457,Qwen3-0.6B-Base,babeeddbc725dd6b3d817a0b53489570834f6123286e97ea57935c8b72cb5cdb,a673a1508d679ece31e54d8a2b3384898654eafe918a8f205172d2e02ddcac14,0.39092226392623697,0.040464773070830344,-0.19499514186792696,1.0,1.0,1.0,True,0.609077736073763,1464256.6155364735,939798.7764326446,1589544.6080308822,0.3666507951563685,0.23532621605384726,0.39802298878978415,15503.440059147299,10962.701330249902,7493.574007113291,4540.738728897399,190.97729061969892,40.981518497593264
original,2,B,1,0.46593763853459946,0.42555555555555563,-0.0902408038576444,0.519265590351778,0.5575,-0.0847578666289337,0.9619502222100111,1.0,0.2871409707599216,0.5675327208307054,0.0,0.0,0.0,0.0,ckpt_armB_seed2,689a3233b7a0de7919821c75a28a624d13a0d0e0055ba2a8d5c9de31ca2f0366,a673a1508d679ece31e54d8a2b3384898654eafe918a8f205172d2e02ddcac14,0.3807563426900473,0.03563078389529097,-0.2136608536592445,0.9706662731235556,0.9693501062101478,1.0012596434448073,True,0.6192436573099527,1528046.8684664627,939555.1011757113,1525998.030357825,0.38262391538122575,0.23526519961330916,0.3821108850054651,15048.666382806945,10626.69569882787,7384.082723115295,4421.970683979075,188.00949246740035,41.03314059872701
original,2,C,0,0.35634104593369914,0.43,-0.12741669391592345,0.4456389285538831,0.5441666666666667,-0.1503624251927249,0.8901402853604103,1.022662776943892,0.290287635061476,0.5587523102760316,0.004444444444444362,-0.03717589005827905,0.0031466643015543583,-0.008780410554673823,ckpt_armC_seed2,32e1ca9bf706a8c3af8d5036e8989f1b30dfd3789214f1ac4f3b65351f7e7ec9,a673a1508d679ece31e54d8a2b3384898654eafe918a8f205172d2e02ddcac14,0.4435997439804298,0.02170942342494291,-0.27568435907435584,0.9484921013781916,0.9097539984589621,1.0735572635009536,True,0.5564002560195702,1306801.1782334414,1041869.8802275336,1644928.9415390238,0.32722385272271676,0.2608848858742823,0.41189126140300086,14704.890440291456,9973.361369106231,4377.248310062663,4731.529071185226,176.32961405175553,43.99600685238994
original,2,D,0,0.14040228454646475,0.5099999999999999,-0.16994568146765232,0.20928392280477567,0.5700000000000001,-0.17721752473153174,0.1890161670431832,1.102519192602658,0.30916345516840615,0.5801962892214457,0.08444444444444427,-0.07970487761000793,0.022022484408484533,0.012663568390740343,ckpt_armD_seed2,676a5959813efe833a12bbdae83944b114b354003b8ee009ee6b869f519f421b,a673a1508d679ece31e54d8a2b3384898654eafe918a8f205172d2e02ddcac14,0.7498879234650857,0.020780067307754533,-0.42354525280308536,0.30735560114811183,0.2670587949084605,5.360438078843181,False,0.25011207653491424,637806.2715559774,1912275.5973094918,1443518.1311345317,0.15970709924779078,0.47883503538398725,0.361457865368222,4765.069139242936,2927.6858061979156,2018.6340308639753,1837.3833330450211,102.55327748441618,219.67889228331512
original,2,E,0,0.1670012424998229,0.4333333333333333,-0.2271916183332602,0.21466521791690107,0.5108333333333333,-0.2079273408280642,0.8511315074967067,1.073640179401705,0.2926805297533671,0.5573819173706903,0.007777777777777661,-0.1369508144756158,0.0055395589934454925,-0.010150803460015068,ckpt_armE_seed2,98790ffe08d736d3da8bcbab1752aaf35d4837273a9170e2c4e851e203ed9921,a673a1508d679ece31e54d8a2b3384898654eafe918a8f205172d2e02ddcac14,0.7379750767828037,-0.002611423214041992,-0.4582358544328382,0.8727570557806131,0.864082353865546,3.1115857924128765,False,0.26202492321719634,680107.0163675057,1915474.3810698476,1398018.6025626466,0.17029923286445955,0.47963601288808283,0.3500647542474576,13530.73670049261,9472.676770167287,6083.32705397092,4058.059930325326,173.65184905544098,127.5175107086167
original,2,F,0,0.10205484509282271,0.4777777777777778,-0.2324172475685676,0.16233517575549922,0.5491666666666667,-0.23725726089105592,0.9777977639287804,1.0784295014692251,0.29196304082870483,0.5563020123375786,0.05222222222222217,-0.1421764437109232,0.004822070068783213,-0.011230708493126795,ckpt_armF_seed2,78e9788341e331dc8fabf1218730708e8ea8a8d7a099ab7048cbb7c6215baef7,a673a1508d679ece31e54d8a2b3384898654eafe918a8f205172d2e02ddcac14,0.789448482285816,-0.007900130412115939,-0.5385011068896773,1.0217684008574084,1.0211580714620438,3.025796428215709,True,0.210551517714184,557136.1087903203,2088943.6480253595,1347520.2431843202,0.13950723877962748,0.5230728285319911,0.33741993268838144,15840.925157023621,11194.650948412373,4412.069595904419,4646.274208611246,180.9193477947715,124.0017322928737
wordalign,0,WA-A,0,0.44456918453047795,0.4444444444444444,-0.09022118772069614,0.5001732209757385,0.5662499999999999,-0.09214922529645264,1.0,0.5261733680113433,0.31241462151209515,0.4925253816445669,0.05444444444444446,0.00637085239092508,-0.012652489344278928,-0.01904197494188936,Qwen3-0.6B-Base,babeeddbc725dd6b3d817a0b53489570834f6123286e97ea57935c8b72cb5cdb,a673a1508d679ece31e54d8a2b3384898654eafe918a8f205172d2e02ddcac14,0.39092226392623697,0.040464773070830344,-0.19499514186792696,1.0,1.0,1.0,True,0.609077736073763,1464256.6155364735,939798.7764326446,1589544.6080308822,0.3666507951563685,0.23532621605384726,0.39802298878978415,15503.440059147299,10962.701330249902,7493.574007113291,4540.738728897399,190.97729061969892,40.981518497593264
wordalign,0,WA-B,1,0.49247464084169396,0.38999999999999996,-0.09659204011162122,0.5103701187199705,0.5420833333333334,-0.08518710464704782,1.0096717880136108,1.0,0.3250671108563741,0.5115673565864562,0.0,0.0,0.0,0.0,ckpt_armWA-B_seed0,523af05c62c9e635c23acdbe7e05463581826c48bb00b982f0e59f6171fd90e6,a673a1508d679ece31e54d8a2b3384898654eafe918a8f205172d2e02ddcac14,0.3724326053496875,0.035456227187210636,-0.19215716533369706,1.0120874348691604,1.0132307008646708,0.9422863433694835,True,0.6275673946503125,1587948.3889136035,942374.8918209313,1463276.7192654645,0.3976232944996003,0.23597127699843037,0.36640542850196933,15690.836881110175,11107.745552219167,7731.309885004095,4583.09132889101,192.813699915574,38.616325210826005
wordalign,0,WA-C,0,0.5073053453068863,0.4855555555555555,-0.07918721064925194,0.5417401359281502,0.60375,-0.06972371076699346,0.04567949949160887,1.2073607830920277,0.3139575441678365,0.4952540425459544,0.09555555555555556,0.01740482946236928,-0.011109566688537575,-0.016313314040501847,ckpt_armWA-C_seed0,82da4b3f331fe6515f88286708a17d62d5897803936ddf3d631aa4b7c443220e,a673a1508d679ece31e54d8a2b3384898654eafe918a8f205172d2e02ddcac14,0.33815795096166457,0.040420428575613156,-0.2104096639075906,0.08091820685728,0.055050400600357305,5.617560801853095,False,0.6618420490383354,1619164.2309755632,827286.9023850756,1547148.8666393603,0.4054397613620702,0.2071531706693399,0.3874070679685899,1254.5105697055224,603.501099892327,220.07980341776582,651.0094698131952,38.32407571384665,230.21617191249746
wordalign,0,WA-D,0,0.5010070973181606,0.48666666666666664,-0.07727143168449402,0.5356595106803416,0.6079166666666667,-0.0689273455645889,0.04772735906901578,1.2277650764690957,0.31451776703198747,0.49561973492304484,0.09666666666666668,0.019320608427127198,-0.010549343824386603,-0.015947621663411404,ckpt_armWA-D_seed0,1ad0dbe5f421aed35d631afd8348122c055b803b812443b5daca9da2c38b2d4b,a673a1508d679ece31e54d8a2b3384898654eafe918a8f205172d2e02ddcac14,0.3433992664349772,0.04112451562927292,-0.2141411875745517,0.08416916646551935,0.057229288022309414,5.521187152941024,False,0.6566007335650228,1601241.252488381,837442.0608768349,1554916.686634782,0.4009518360597911,0.20969602886539346,0.38935213507481536,1304.91162712657,627.3875919314262,229.32425168845546,677.5240351951439,38.66915475067,226.26663343692684
wordalign,0,WA-E,0,0.4878774746386856,0.46222222222222226,-0.08911865142484506,0.5264333899348007,0.57625,-0.10418195032980293,0.2311822347272175,1.0616438312945942,0.3250629742940267,0.5073874358336131,0.0722222222222223,0.007473388686776161,-4.136562347378803e-06,-0.004179920752843125,ckpt_armWA-E_seed0,d6fa12d3589237f896f86880712092b5c12b987a86b6df514b82f891e0675a2a,a673a1508d679ece31e54d8a2b3384898654eafe918a8f205172d2e02ddcac14,0.35725020942319474,0.03916839628074558,-0.1926076311689908,0.3187054139077475,0.2747330554378947,2.5158228220638392,False,0.6427497905768053,1577404.2163039816,876745.500164094,1539450.2835319233,0.394983026919066,0.21953763525743544,0.3854793378234985,4941.030281044493,3011.8164323126284,1263.729441026459,1929.2138487318646,94.68301684794375,103.1022395190765
wordalign,0,WA-F,0,0.5073619141283783,0.4844444444444444,-0.0861336129407088,0.5421478405526522,0.6004166666666667,-0.07992175028994097,0.04360435978584055,1.2272025973042129,0.31917789896329246,0.49560212850570684,0.09444444444444444,0.010458427170912415,-0.005889211893081614,-0.015965228080749405,ckpt_armWA-F_seed0,117aa0f78aabe5b354d90067de5cb985a11d0598c3561f1f5f5285d574ca2a5f,a673a1508d679ece31e54d8a2b3384898654eafe918a8f205172d2e02ddcac14,0.33699612853903227,0.03666841620993532,-0.2193933613586931,0.08029117155583408,0.05376449568312678,5.660088423854716,False,0.6630038714609677,1615767.2797863097,821273.2102275302,1556559.5099861592,0.4045891626067483,0.20564733829815965,0.389763499095092,1244.7893654945863,589.4041083456291,209.73478399067665,655.3852571489573,38.0737626664081,231.95901844021554
wordalign,0,WA-G,0,0.48988771074987786,0.3877777777777778,-0.09655207271377246,0.5098985856754564,0.5420833333333334,-0.0867364730220288,1.0130884426364224,0.996455859863693,0.3263774593671163,0.5141494445006053,-0.002222222222222181,3.9967397848755803e-05,0.001310348510742243,0.002582087914149045,ckpt_armWA-G_seed0,4154c3105ff9050606886f4825e2268da41d5f63b4073ee69dbec3626537ef8e,a673a1508d679ece31e54d8a2b3384898654eafe918a8f205172d2e02ddcac14,0.37350242208855444,0.035054242777746825,-0.19189171366063842,1.0152959219645292,1.0159700351584826,0.9280232125630282,True,0.6264975779114456,1585352.323517044,945147.9998874484,1463099.6765955086,0.39697323806015716,0.23666566503591951,0.3663610969039233,15740.579468473772,11137.776055925937,7737.02528625012,4602.803412547835,193.42807144514504,38.031800451847666
wordalign,1,WA-A,0,0.44456918453047795,0.4444444444444444,-0.09022118772069614,0.5001732209757385,0.5662499999999999,-0.09214922529645264,1.0,0.559342283875166,0.31241462151209515,0.4925253816445669,0.04777777777777775,0.006729246427615479,0.007656734784444175,0.0038352787494659313,Qwen3-0.6B-Base,babeeddbc725dd6b3d817a0b53489570834f6123286e97ea57935c8b72cb5cdb,a673a1508d679ece31e54d8a2b3384898654eafe918a8f205172d2e02ddcac14,0.39092226392623697,0.040464773070830344,-0.19499514186792696,1.0,1.0,1.0,True,0.609077736073763,1464256.6155364735,939798.7764326446,1589544.6080308822,0.3666507951563685,0.23532621605384726,0.39802298878978415,15503.440059147299,10962.701330249902,7493.574007113291,4540.738728897399,190.97729061969892,40.981518497593264
wordalign,1,WA-B,1,0.47917914383899746,0.39666666666666667,-0.09695043414831161,0.5027457359697295,0.5491666666666667,-0.08509723551105708,1.0149789679238799,1.0,0.304757886727651,0.48869010289510095,0.0,0.0,0.0,0.0,ckpt_armWA-B_seed1,4f23ae10560c1857488fb86237c7e76f019b3e23c619900a4996a62913cd7620,a673a1508d679ece31e54d8a2b3384898654eafe918a8f205172d2e02ddcac14,0.38011589674031276,0.03655796806451658,-0.19709530707862036,1.0156388106831848,1.0182627391137544,0.9312945269139289,True,0.6198841032596872,1561869.052196761,957745.5725106728,1473985.3752925675,0.3910930118681792,0.23982010529614195,0.36908688283567886,15745.895423170407,11162.910284626263,7759.182234555203,4582.985138544142,193.09531030553526,38.165863881430546
wordalign,1,WA-C,0,0.48699189549559524,0.49222222222222217,-0.08503960445523262,0.5252566824733151,0.5970833333333333,-0.08543311676476151,0.05448954701957605,1.136164249318176,0.28926499048868815,0.4872755853335063,0.0955555555555555,0.011910829693078995,-0.015492896238962828,-0.0014145175615946637,ckpt_armWA-C_seed1,096a2cd803304ac32ff634f3e3da96e2f6d69b3d0b50fca1ef876c2a87cde0ba,a673a1508d679ece31e54d8a2b3384898654eafe918a8f205172d2e02ddcac14,0.3502755440017259,0.044393858530008316,-0.19830559252316615,0.09075728375766208,0.06312342020009505,5.431130494657588,False,0.6497244559982741,1541398.877680232,830989.6994311801,1621211.422888588,0.38596726704733375,0.20808035342327227,0.405952379529394,1407.0501086679367,692.0032025975056,221.18491085417705,715.0469060704311,39.30449851432029,222.5759748296528
wordalign,1,WA-D,0,0.48476717872396846,0.4922222222222223,-0.08725994825363159,0.5211364820325257,0.6020833333333333,-0.07623763853916898,0.05880424187053945,1.132438678543381,0.2887164052327474,0.4862255533536275,0.09555555555555562,0.009690485894680023,-0.016041481494903587,-0.0024645495414734597,ckpt_armWA-D_seed1,b1ceb198e134d87ef496c63a40b972424a88cea387ffedd5b1c3ffbf99a3eb19,a673a1508d679ece31e54d8a2b3384898654eafe918a8f205172d2e02ddcac14,0.3538673621380791,0.04440355921322343,-0.20352589808448654,0.09854315752251636,0.06928018834582561,5.206481835099518,False,0.6461326378619209,1556682.8478694083,852548.2552374324,1584368.8968931586,0.38979438298012037,0.21347862961674494,0.3967269874031347,1527.7579358894425,759.4980129387461,228.90081167955225,768.2599229506964,39.93461648962576,213.3695316325142
wordalign,1,WA-E,0,0.47870227689495165,0.46444444444444444,-0.10489122134943803,0.5189799938017594,0.5791666666666667,-0.11452993203420192,0.2277268285138912,1.0981531998814977,0.3027085089683533,0.4906466571489969,0.06777777777777777,-0.007940787201126412,-0.002049377759297699,0.001956554253895959,ckpt_armWA-E_seed1,47cd5a0456ced96001b2c475ebc60a7e4ced0497b8775b5233a94942c53c5236,a673a1508d679ece31e54d8a2b3384898654eafe918a8f205172d2e02ddcac14,0.3614632727192608,0.036281021160669044,-0.2158926829772141,0.3250023434974631,0.26989897158530934,2.510176941603658,False,0.6385367272807392,1559535.076774485,882822.5984306557,1551242.3247948592,0.39050858292630336,0.2210593445589583,0.38843207251473844,5038.65435149532,2958.8218148313513,1135.5792989285035,2079.8325366639688,91.48288557683878,102.8708627645624
wordalign,1,WA-F,0,0.5051643277260343,0.4888888888888889,-0.09042249992489815,0.5368767105942756,0.5995833333333334,-0.07860330946277827,0.0520033023294645,1.1495131639781382,0.29776383280754093,0.5028395720322926,0.0922222222222222,0.006527934223413467,-0.006994053920110044,0.014149469137191617,ckpt_armWA-F_seed1,de44df0942844a63d583879761a2e8ba6b7312661983eef466a6f9587dd15324,a673a1508d679ece31e54d8a2b3384898654eafe918a8f205172d2e02ddcac14,0.3406763660139187,0.04216554084939542,-0.20846400579430036,0.09042813313054826,0.0632182720989016,5.4534466889027895,False,0.6593236339860813,1605366.8131062347,829502.3927807865,1558730.7941129797,0.4019848790830915,0.20770793088461195,0.3903071900322965,1401.947141650047,693.0430356347288,215.1092827828806,708.9041060153182,39.198841676067424,223.4905263569084
wordalign,1,WA-G,0,0.4780054017208086,0.39444444444444443,-0.12364440535505612,0.5016085618011812,0.5479166666666666,-0.10556240286678076,0.9913641841549226,1.0228255745675978,0.3056406327088674,0.48862109502156575,-0.0022222222222222365,-0.026693971206744507,0.000882745981216404,-6.900787353519844e-05,ckpt_armWA-G_seed1,74060e7a56a2c0c90ccd130a155e838cca1271875983f70a663eed749bd82ee2,a673a1508d679ece31e54d8a2b3384898654eafe918a8f205172d2e02ddcac14,0.3805522531673935,0.013361374829711404,-0.28534051617542794,1.010391290095188,1.0114163102091318,0.9371024233940619,True,0.6194477468326065,1559406.0846327688,958007.3575928387,1476186.557774393,0.39047628321133027,0.2398856564485273,0.3696380603401424,15664.540802275256,11087.854929366096,7659.849644080873,4576.685872909158,193.44471501298747,38.40388029846322
wordalign,2,WA-A,0,0.44456918453047795,0.4444444444444444,-0.09022118772069614,0.5001732209757385,0.5662499999999999,-0.09214922529645264,1.0,0.5154847721734659,0.31241462151209515,0.4925253816445669,0.046666666666666634,0.0023599875470002446,-0.00499891956647236,-0.00986764669418333,Qwen3-0.6B-Base,babeeddbc725dd6b3d817a0b53489570834f6123286e97ea57935c8b72cb5cdb,a673a1508d679ece31e54d8a2b3384898654eafe918a8f205172d2e02ddcac14,0.39092226392623697,0.040464773070830344,-0.19499514186792696,1.0,1.0,1.0,True,0.609077736073763,1464256.6155364735,939798.7764326446,1589544.6080308822,0.3666507951563685,0.23532621605384726,0.39802298878978415,15503.440059147299,10962.701330249902,7493.574007113291,4540.738728897399,190.97729061969892,40.981518497593264
wordalign,2,WA-B,1,0.48083262444066327,0.3977777777777778,-0.09258117526769638,0.5066842107975402,0.54375,-0.0903804914560169,0.9955931882457734,1.0,0.3174135410785675,0.5023930283387502,0.0,0.0,0.0,0.0,ckpt_armWA-B_seed2,f3f423a2e69ec596b83bf0dd76d51903eb5cfcbed4a57a118b0924f80f244b5a,a673a1508d679ece31e54d8a2b3384898654eafe918a8f205172d2e02ddcac14,0.3805295833963934,0.03669309279263682,-0.1951017738246277,1.0066951645809883,1.0083631444502965,0.9407516120945169,True,0.6194704166036066,1556630.8991477294,956210.4850822511,1480758.6157700196,0.3897813749869114,0.23943571842003483,0.3707829065930538,15607.238141914777,11054.383985040238,7723.435122532757,4552.854156874536,192.9521877514616,38.553429592692126
wordalign,2,WA-C,0,0.48524405679438193,0.4855555555555555,-0.09046064006785552,0.5299406409448633,0.60125,-0.1050480620469898,0.05186255563216573,1.1564888273330796,0.30213175892829897,0.47883638978004456,0.08777777777777773,0.002120535199840859,-0.015281782150268541,-0.023556638558705656,ckpt_armWA-C_seed2,537c64b6f3a78c1b046275960b7e3d4c9c99e68ac9fdffbf96a903705c62635f,a673a1508d679ece31e54d8a2b3384898654eafe918a8f205172d2e02ddcac14,0.35081709360237545,0.040107036802629115,-0.23482737576534998,0.08575389984555797,0.057271225495518316,5.617128159467926,False,0.6491829063976245,1536975.3000283036,830578.2582702665,1626046.4417014301,0.38485960036766415,0.20797732829283516,0.40716307133950075,1329.4804460937287,627.8473399247607,195.36992232142651,701.6331061689679,38.70022910411381,230.19844157058682
wordalign,2,WA-D,0,0.4914888583723193,0.48888888888888893,-0.1220430148144563,0.5345792654548087,0.5962500000000001,-0.11157414666377008,0.050810310096989796,1.1687559906302245,0.29310384432474773,0.47525887727737426,0.09111111111111114,-0.02946183954675992,-0.024309696753819776,-0.027134151061375955,ckpt_armWA-D_seed2,b377475c12c90394ce815629eaf8feb357cab8be6d87395f6c7aeb70bdc62a15,a673a1508d679ece31e54d8a2b3384898654eafe918a8f205172d2e02ddcac14,0.3468013844088026,0.03939200779252108,-0.21536395425959098,0.08371303500117859,0.05532717813533887,5.729329660571413,False,0.6531986155911974,1541847.7240876707,818610.0100307249,1633142.2658816034,0.38607965847547854,0.2049804712617,0.40893987026282147,1297.840020310072,606.5353293432527,186.3055268938573,691.3046909668194,38.51369611615712,234.79662946351706
wordalign,2,WA-E,0,0.4695798744189752,0.45888888888888885,-0.09172353086372216,0.5135066611393756,0.5774999999999999,-0.11045520013431087,0.27744267614766494,1.089886725079218,0.3224721678098043,0.5061211919784546,0.06111111111111106,0.0008576444039742198,0.005058626731236804,0.003728163639704407,ckpt_armWA-E_seed2,5f2d59b1e001af8c7917417310d5317027f0a0f9919f416da3d0139b4156ed5e,a673a1508d679ece31e54d8a2b3384898654eafe918a8f205172d2e02ddcac14,0.37189954812699144,0.038348973631332224,-0.19699828373367131,0.37133373203390924,0.327156185818046,2.2351671552611903,False,0.6281004518730086,1535811.8534612556,909357.3052002813,1548430.841338465,0.3845682726014761,0.22770365214349983,0.3877280752550241,5756.950256527177,3586.515553466977,1503.654206398875,2170.4347030602003,103.06968841258833,91.60054411854938
wordalign,2,WA-F,0,0.479975048023419,0.49444444444444446,-0.07724886760115623,0.521314521561025,0.6083333333333333,-0.06990147824399173,0.04612131453609159,1.1547543452407534,0.3127158280213674,0.4857847253481547,0.09666666666666668,0.015332307666540146,-0.004697713057200126,-0.016608302990595514,ckpt_armWA-F_seed2,587fa2e277408ae4c7c20c20680fb026202be83044c45f5f2a8943699fee71ac,a673a1508d679ece31e54d8a2b3384898654eafe918a8f205172d2e02ddcac14,0.35693755919567893,0.04822555609622681,-0.18921061515039228,0.08016528720291409,0.05367642124059492,5.7819585969507745,False,0.6430624408043211,1544597.586344887,857342.7048855508,1591659.708769562,0.38676822574741765,0.2146791628819989,0.3985526113705834,1242.8377249747066,588.438574537324,180.25974445898012,654.3991504373827,38.41014227403786,236.95344319325656
wordalign,2,WA-G,0,0.48004063797928176,0.40111111111111114,-0.09183365727464358,0.5050195509808683,0.5454166666666667,-0.08725657360628247,0.9957793516655323,1.0034227276629808,0.3214480690161387,0.5084516561031341,0.003333333333333355,0.0007475179930527959,0.004034527937571197,0.006058627764383928,ckpt_armWA-G_seed2,35d61b7eded885168e146f9290380b6592f1d9f18391692a561f4b46ea4209db,a673a1508d679ece31e54d8a2b3384898654eafe918a8f205172d2e02ddcac14,0.3818730025540439,0.03716674096124756,-0.19417976687948868,1.0064672520615692,1.0081414841678347,0.9295215582749607,True,0.6181269974459561,1556161.5729414395,961381.8758504038,1476056.551208159,0.38966385540400605,0.2407306379833742,0.3696055066126197,15603.704713831234,11051.953989566831,7700.8021605338345,4551.7507242644015,193.31372513006164,38.09320493435702
codeswitch,0,CS-B,1,0.5040904284900428,0.3988888888888889,-0.10405790060758591,0.5395106162966202,0.5483333333333333,-0.0926754695829004,nan,1.0,0.43331613739331565,0.6670600346724193,0.0,0.0,0.0,0.0,ckpt_armCS-B_seed0,0118405f78d45fabcc12e30ba7afe823c90dcefac9eb3de94a2730f735acb196,a673a1508d679ece31e54d8a2b3384898654eafe918a8f205172d2e02ddcac14,0.356774787328784,0.03159988621463055,-0.21617431089218922,0.9368097598899927,0.9304684426239394,0.9982124772594351,True,0.643225212671216,1636326.6148802417,907613.8007711092,1449659.5843486506,0.4097372332933296,0.2272670775168041,0.3629956891898663,14523.773959278675,10200.447633709015,7206.455880425692,4323.326325569659,186.46459498623355,40.90826310133593
codeswitch,0,CS-W10,0,0.49914730892504744,0.3822222222222222,-0.11744982749223709,0.5290593542864359,0.5304166666666666,-0.10581721714697778,nan,0.9926239916018642,0.44335418423016865,0.6577368950843812,-0.01666666666666672,-0.013391926884651184,0.010038046836852998,-0.009323139588038099,ckpt_armCS-W10_seed0,ca323b10ef1409769e10a1955dfab97dc49e824098bf3843c57d583d1c140587,a673a1508d679ece31e54d8a2b3384898654eafe918a8f205172d2e02ddcac14,0.36283403177452467,0.02659897495934027,-0.23730213510103645,0.9643569762908389,0.9657417526515187,0.9309555140430662,True,0.6371659682254753,1638741.9692545063,933181.2830473194,1421676.7476981743,0.4103420395769497,0.23366919146817894,0.35598876895487136,14950.850577545554,10587.138396470677,7205.105987283075,4363.712181074877,189.07648663651585,38.15197061919236
codeswitch,0,CS-W25,0,0.48925431108545064,0.38444444444444453,-0.11605507383743922,0.5232369722981134,0.5366666666666666,-0.10279935784637928,nan,1.0007202501301917,0.4031009809176127,0.6010864504178365,-0.014444444444444371,-0.011997173229853317,-0.030215156475702942,-0.06597358425458277,ckpt_armCS-W25_seed0,b423da7d99828613d8376f65c28bcde673bc7b0a47bed2af7047468f607ccdc5,a673a1508d679ece31e54d8a2b3384898654eafe918a8f205172d2e02ddcac14,0.37028657289269684,0.029288875418789065,-0.24015809684086786,0.9387954792297049,0.9336387678209072,0.9426659419333775,True,0.6297134271073032,1610601.868621401,947072.4627327479,1435925.6686458508,0.4032957403398941,0.23714755176601263,0.35955670789409333,14554.559440036192,10235.202961963138,7260.192709037058,4319.3564780730585,187.6027502361424,38.631881736393886
codeswitch,0,CS-W50,0,0.4782698427896169,0.4022222222222222,-0.1096202718714873,0.5131705096925865,0.55375,-0.0926061945501715,nan,1.018348016430632,0.41460354208946226,0.6079810742537181,0.0033333333333332993,-0.005562371263901397,-0.018712595303853385,-0.0590789604187012,ckpt_armCS-W50_seed0,19642905ff51e8bc4614b70d14e4beda6f8e3bcf37f840c1eb7000e99db8dc1e,a673a1508d679ece31e54d8a2b3384898654eafe918a8f205172d2e02ddcac14,0.3833659662104605,0.03651722212825924,-0.22496534473608676,0.9599474147537187,0.9572487801330909,0.9349000701696036,True,0.6166340337895395,1572027.400657184,977341.1299707011,1444231.4693721149,0.3936366688344311,0.2447268454453879,0.36163648572018103,14882.48720456769,10494.032475345131,7403.230472339225,4388.454729222556,189.32201546470813,38.31362451905685
codeswitch,0,CS-P25,0,0.48620742564610925,0.38666666666666666,-0.11694273228446643,0.5190336175108207,0.5425,-0.09877510811202228,nan,1.0137898609952012,0.4226262338956197,0.6340894027551016,-0.012222222222222245,-0.012884831676880523,-0.01068990349769594,-0.03297063191731764,ckpt_armCS-P25_seed0,83784e2d1f5b2eed1aceb3f289663615646a990619ccdb0c1c3a7471ac9668f7,a673a1508d679ece31e54d8a2b3384898654eafe918a8f205172d2e02ddcac14,0.3745642145967194,0.03144798393855564,-0.2371149053011159,0.9517842862268505,0.9466655278165178,0.9453611305058938,True,0.6254357854032806,1592718.321117511,953855.3772367128,1447026.3016457758,0.39881768858110755,0.23884599790582756,0.3623363135130649,14755.930630756273,10378.011441095865,7328.012814426992,4377.919189660409,187.86711242190682,38.742334656732965
codeswitch,1,CS-B,1,0.4965863118720357,0.38888888888888884,-0.10368416830897331,0.5350243644199694,0.5445833333333333,-0.09151378530077636,nan,1.0,0.4372394108772278,0.6675325286388397,0.0,0.0,0.0,0.0,ckpt_armCS-B_seed1,e2a42b56e938e3efe913d9e5281ec77094981c880c88266632836568a4dde395,a673a1508d679ece31e54d8a2b3384898654eafe918a8f205172d2e02ddcac14,0.3661710298013584,0.03088734084107364,-0.2165479352152689,0.978915568116199,0.9791906702635124,0.9585694584810244,True,0.6338289701986416,1602894.325748552,926012.3685071648,1464693.3057442836,0.4013657666638,0.23187409067186612,0.36676014266433377,15176.558833255614,10734.5748634661,7307.672870599955,4441.983969789516,189.26461286754542,39.28363199396806
codeswitch,1,CS-W10,0,0.4909202121020313,0.3922222222222222,-0.10846217721700668,0.5260949809264278,0.54125,-0.09525576001033187,nan,1.029884293544031,0.4271824991703033,0.6479977178573608,0.003333333333333355,-0.004778008908033371,-0.010056911706924465,-0.019534810781478895,ckpt_armCS-W10_seed1,1741451168667f93cf86b6e01a1c2e50eb66a61b4a89b48ba01879c4f7cf87ec,a673a1508d679ece31e54d8a2b3384898654eafe918a8f205172d2e02ddcac14,0.3713454026946583,0.030532050549989975,-0.22450386743855832,0.9528512984789966,0.9509542574765444,0.9627938730154232,True,0.6286545973053417,1599088.5142465015,944579.3776305604,1449932.1081229395,0.4004127890240638,0.2365232816582933,0.36306392931764303,14772.472991249795,10425.02750344492,7203.9721694637055,4347.445487804871,187.73546351333758,39.456754916351024
codeswitch,1,CS-W25,0,0.4822604280797871,0.3822222222222222,-0.11791195223728816,0.5220617082058335,0.5329166666666667,-0.10188932961318642,nan,1.0633033147342439,0.42672373811403913,0.6324303789933523,-0.006666666666666654,-0.01422778392831485,-0.010515672763188655,-0.03510214964548741,ckpt_armCS-W25_seed1,e1a8ca987e5b8821b944379a31312e0c2c9677ec07e4f177c9115bbe768a5fef,a673a1508d679ece31e54d8a2b3384898654eafe918a8f205172d2e02ddcac14,0.3746891323823628,0.029494859013362313,-0.23832855740282047,0.9796392654070777,0.9775704325278564,0.9120765453623638,True,0.6253108676176372,1593858.8820675728,955047.533296665,1444693.584635761,0.39910328577413196,0.23914451454744223,0.36175219967842587,15187.77863082572,10716.812681086103,7445.133509273272,4470.965949739618,190.18571202534295,37.378281814988675
codeswitch,1,CS-W50,0,0.49040520581626756,0.39666666666666667,-0.11478268355131149,0.520796838459974,0.5441666666666667,-0.09872159734368324,nan,1.029951642944983,0.3994857116540273,0.5893145140012105,0.007777777777777828,-0.01109851524233818,-0.03775369922320049,-0.07821801463762923,ckpt_armCS-W50_seed1,c3c59f16c517471d7eb50f25be1c9d7cb1ed65a9484628bf0868f306a4b235f0,a673a1508d679ece31e54d8a2b3384898654eafe918a8f205172d2e02ddcac14,0.37465528588379315,0.03300408265083245,-0.23136965860442174,0.9841226057293283,0.9824205564219969,0.912171549377996,True,0.6253447141162068,1602806.4655918116,960270.2334045835,1430523.301003606,0.4013437664242316,0.24045228200234958,0.3582039515734189,15257.285828776492,10769.983140752274,7505.1711828873185,4487.302688024217,190.32511123742702,37.38217522381265
codeswitch,1,CS-P25,0,0.4783001252869105,0.39111111111111113,-0.11077581221858661,0.5145909411275603,0.5508333333333333,-0.09385069372365251,nan,1.060491818175138,0.43960609753926594,0.6392939400672913,0.002222222222222292,-0.007091643909613296,0.0023666866620381533,-0.028238588571548373,ckpt_armCS-P25_seed1,f7191c6eb906055c1319880565b0039e6df0de4a64acf4c97e5c4037edd20e3c,a673a1508d679ece31e54d8a2b3384898654eafe918a8f205172d2e02ddcac14,0.38270488717294004,0.032560122368335546,-0.23798530648385152,0.9705358619292328,0.9695011627770208,0.9243751523558404,True,0.61729511282706,1565911.7761539144,970819.4300635187,1456868.793782567,0.39210531253854025,0.24309380760805255,0.3648008798534072,15046.64456067272,10628.351686854472,7308.59909959164,4418.292873818244,189.5061902305963,37.88229740498647
codeswitch,2,CS-B,1,0.5225886579193396,0.39444444444444443,-0.10648702457547188,0.546674976968306,0.5475,-0.08839884004555643,nan,1.0,0.45362888654073075,0.7026703119277954,0.0,0.0,0.0,0.0,ckpt_armCS-B_seed2,45defc4011c3ad2383ad022c3f103bd7c7a9870872579721440cfcd46e88c8ec,a673a1508d679ece31e54d8a2b3384898654eafe918a8f205172d2e02ddcac14,0.3469251897652933,0.0293794758859769,-0.22215105600106644,0.9623471501640647,0.962423926392086,0.9735178037698344,True,0.6530748102347067,1685461.3425082236,895347.649194412,1412791.008297364,0.4220406005879967,0.22419562529908155,0.35376377411292165,14919.691358659802,10550.766058122854,7230.356951988312,4368.925300536948,188.28505069061853,39.89623788292984
codeswitch,2,CS-W10,0,0.49908097194981826,0.3955555555555555,-0.11016886432965596,0.5356853736491483,0.5329166666666667,-0.09282732277642936,nan,0.9939616702534028,0.4371095697085063,0.662354040145874,0.0011111111111110628,-0.0036818397541840825,-0.016519316832224462,-0.04031627178192143,ckpt_armCS-W10_seed2,f01f99c64bcbdbde657dfe84daca22494cb989a96cab86b7d84e5f0014f58aa4,a673a1508d679ece31e54d8a2b3384898654eafe918a8f205172d2e02ddcac14,0.364321386161218,0.031942920283941294,-0.22056113636612287,0.9767140872157812,0.9770342764666049,0.9281882393608977,True,0.635678613838782,1630478.6314025803,934463.1424858442,1428658.2261115774,0.4082728944818158,0.23399016989329022,0.357736935624894,15142.428306074631,10710.9349623202,7339.999181669951,4431.493343754431,189.6709569505887,38.03856350061715
codeswitch,2,CS-W25,0,0.49192077668938655,0.38666666666666666,-0.11940992375214894,0.5229022354866277,0.5391666666666667,-0.10170905012637377,nan,1.0052649663540925,0.41040076613426213,0.6322410647074381,-0.007777777777777772,-0.012922899176677063,-0.04322812040646862,-0.07042924722035726,ckpt_armCS-W25_seed2,156a7a121ec678ff01aadb27b7c190a24c40c1b8200604d35c59f5655edea9a2,a673a1508d679ece31e54d8a2b3384898654eafe918a8f205172d2e02ddcac14,0.37026939530749525,0.028326633932989745,-0.23754180221463247,0.9760050938648819,0.9743131764938505,0.9136729132631676,True,0.6297306046925047,1614994.895781618,949585.7101906999,1429019.3940276834,0.40439575715685533,0.23777687054053975,0.3578273723026049,15131.436470156628,10681.104356029142,7381.423054404077,4450.332114127487,190.18472914340876,37.44370339564443
codeswitch,2,CS-W50,0,0.49475777727026315,0.39222222222222225,-0.11619266246755917,0.5266490691088309,0.5449999999999999,-0.09874302381649613,nan,1.0191173375866402,0.39302279472351076,0.5758364586035412,-0.002222222222222181,-0.009705637892087296,-0.06060609181721999,-0.12683385332425423,ckpt_armCS-W50_seed2,1d25716ff7c76e392a881c8771c6891b982d09b2f5b6eea970d015679c6d8e96,a673a1508d679ece31e54d8a2b3384898654eafe918a8f205172d2e02ddcac14,0.37242641512604946,0.03158082722668695,-0.23678986619493034,0.9717360676857091,0.9700826885706803,0.9282386367589134,True,0.6275735848739505,1612279.228727072,956788.7938712686,1424531.9774016598,0.4037157523855849,0.23958052731151555,0.35670372030289954,15065.251878676892,10634.726780446197,7394.640512143819,4430.525098230696,189.50011987342225,38.040628862516165
codeswitch,2,CS-P25,0,0.4954462357617904,0.3955555555555555,-0.11057757710417111,0.5239567320345796,0.5395833333333333,-0.09755959850735962,nan,1.0158140410994558,0.43037623167037964,0.6571777959664663,0.0011111111111110628,-0.0040905525286992345,-0.023252654870351108,-0.04549251596132908,ckpt_armCS-P25_seed2,fad105eb82652ab66830d71f0443b6537148516de9289d80a1c1e31a63b40b7f,a673a1508d679ece31e54d8a2b3384898654eafe918a8f205172d2e02ddcac14,0.36686171835595094,0.030994309106540042,-0.23204293851737914,0.95894263166961,0.9571164171600441,0.939944895294949,True,0.6331382816440491,1625486.2875477932,941861.6910437824,1426252.0214084222,0.4070228083803571,0.23584277119485747,0.3571344204247854,14866.909610250765,10492.581419604436,7267.07609155651,4374.328190646329,188.715233234243,38.520369113248314
guard_sweep,0,A,0,0.44456918453047795,0.4444444444444444,-0.09022118772069614,0.5001732209757385,0.5662499999999999,-0.09214922529645264,1.0,0.6839676392872793,0.31241462151209515,0.4925253816445669,0.036666666666666625,0.004336262742678315,-0.0108273581663767,-0.03015671968460082,Qwen3-0.6B-Base,babeeddbc725dd6b3d817a0b53489570834f6123286e97ea57935c8b72cb5cdb,a673a1508d679ece31e54d8a2b3384898654eafe918a8f205172d2e02ddcac14,0.39092226392623697,0.040464773070830344,-0.19499514186792696,1.0,1.0,1.0,True,0.609077736073763,1464256.6155364735,939798.7764326446,1589544.6080308822,0.3666507951563685,0.23532621605384726,0.39802298878978415,15503.440059147299,10962.701330249902,7493.574007113291,4540.738728897399,190.97729061969892,40.981518497593264
guard_sweep,0,B,1,0.47021067644088643,0.4077777777777778,-0.09455745046337445,0.5224173119650629,0.5516666666666666,-0.08815169974695891,0.9576933183902197,1.0,0.32324197967847185,0.5226821013291677,0.0,0.0,0.0,0.0,ckpt_armB_seed0,51b770d729a4d2a6ab3a008351ef4c47c1dc394d67648dfc10e9f52d7c15c8b8,a673a1508d679ece31e54d8a2b3384898654eafe918a8f205172d2e02ddcac14,0.3787423461367747,0.03240088122827114,-0.2189898730339932,0.9529819541092845,0.9485271905800021,1.0192161807485436,True,0.6212576538632253,1532512.487621918,934278.0268967374,1526809.485481347,0.3837421092803278,0.233943816831114,0.3823140738885582,14774.498602982354,10398.420293949592,7312.9108505411505,4376.078309032763,187.20721107307696,41.7690267643928
guard_sweep,0,E_cvp10,0,0.19028984547444808,0.3855555555555556,-0.26805545886357623,0.2181009136071046,0.48458333333333325,-0.22770615410991013,0.9835863203805183,1.0529826079671067,0.2811381403605143,0.48257803479830425,-0.0222222222222222,-0.1734980084002018,-0.042103839317957525,-0.04010406653086346,ckpt_armE_cvp10_seed0,c74a775b0ad273f98276972919a7fd7f42d8382a49e0e6a4228d2d52f33156b1,a673a1508d679ece31e54d8a2b3384898654eafe918a8f205172d2e02ddcac14,0.7295562634600926,-0.014224155813349333,-0.47243493700494926,0.9903501898080973,0.9861760833638378,2.8962727055650017,True,0.2704437365399074,710176.5196056889,1915791.1906906571,1367632.289703652,0.1778286557506233,0.47971534222021683,0.3424560020291598,15353.834805254986,10811.153860953382,7083.7776452715425,4542.680944301603,184.65359262015392,118.6936534571866
guard_sweep,0,E_cvp100,0,0.19196082406432924,0.38000000000000006,-0.27169793223341304,0.21955129775511567,0.4804166666666667,-0.23868494294583797,1.0082093890235526,1.064839949147718,0.2827526835600535,0.48189390500386553,-0.027777777777777735,-0.1771404817700386,-0.04048929611841834,-0.04078819632530217,ckpt_armE_cvp100_seed0,e295bfde9decf88e563155ccea6dcec4281ef4f6f44146acef9b02e6a2377881,a673a1508d679ece31e54d8a2b3384898654eafe918a8f205172d2e02ddcac14,0.7282103642351968,-0.019405311747237832,-0.4919828961331292,1.013410050779364,1.0074481045111754,2.853420232105041,True,0.2717896357648032,715724.661670719,1917652.6547847216,1360222.6835445596,0.1792179140802081,0.4801814540226166,0.3406006318971754,15711.341977595288,11044.352675482403,7301.908062328304,4666.989302112882,187.12333221001657,116.9374940234196
guard_sweep,0,E_cvp1k,0,0.19338516947877224,0.3744444444444444,-0.2700740850220124,0.22177804919858338,0.47291666666666665,-0.2361159399151802,1.0102195149256823,1.0546003117577891,0.2738465485970179,0.47572218656539916,-0.03333333333333338,-0.17551663455863797,-0.049395431081453944,-0.04695991476376854,ckpt_armE_cvp1k_seed0,0a66b3fb6df36a5172012ee781bd8ae8f0283751fef4aa96ec9a5acb75960fad,a673a1508d679ece31e54d8a2b3384898654eafe918a8f205172d2e02ddcac14,0.7265190697018284,-0.01840715992488307,-0.4888074158282339,1.0137657577012944,1.0055348462325897,2.8284069439684316,True,0.27348093029817155,721520.174166211,1916763.1364088624,1355316.6894249253,0.18066911412415146,0.47995871805109747,0.339372167824751,15716.856658538063,11023.378196406642,7357.800050116408,4693.47846213142,188.00134239066045,115.91241149296351
guard_sweep,0,G_tail,0,0.1933079646038615,0.3877777777777778,-0.2577046528458595,0.224094694673156,0.48833333333333334,-0.21988730039447546,0.9743935013175541,1.042435022450487,0.27622341175874077,0.4743065309524536,-0.020000000000000018,-0.1631472023824851,-0.04701856791973108,-0.04837557037671408,ckpt_armG_tail_seed0,865415915626b9615ad8420c7c3886d43657b574a1bd170d6f7057257b274820,a673a1508d679ece31e54d8a2b3384898654eafe918a8f205172d2e02ddcac14,0.7246870555603994,-0.011426152585289319,-0.45901419623623935,0.9919850318169682,0.9850170585244368,2.815355706316896,True,0.27531294443960064,720170.8994033011,1895655.6134735583,1377773.48712314,0.18033125485859908,0.47467338077763394,0.3449953643637671,15379.180480345693,10798.447817804688,7222.737722132429,4580.7326625410005,186.48649406725195,115.37755195573061
guard_sweep,1,A,0,0.44456918453047795,0.4444444444444444,-0.09022118772069614,0.5001732209757385,0.5662499999999999,-0.09214922529645264,1.0,0.692759462987756,0.31241462151209515,0.4925253816445669,0.025555555555555554,0.010539377729097993,-0.007511366009712195,-0.028292658726374265,Qwen3-0.6B-Base,babeeddbc725dd6b3d817a0b53489570834f6123286e97ea57935c8b72cb5cdb,a673a1508d679ece31e54d8a2b3384898654eafe918a8f205172d2e02ddcac14,0.39092226392623697,0.040464773070830344,-0.19499514186792696,1.0,1.0,1.0,True,0.609077736073763,1464256.6155364735,939798.7764326446,1589544.6080308822,0.3666507951563685,0.23532621605384726,0.39802298878978415,15503.440059147299,10962.701330249902,7493.574007113291,4540.738728897399,190.97729061969892,40.981518497593264
guard_sweep,1,B,1,0.46845935177759823,0.41888888888888887,-0.10076056544979413,0.5260700096665037,0.5520833333333333,-0.09044603852089494,0.9462198735150918,1.0,0.31992598752180734,0.5208180403709411,0.0,0.0,0.0,0.0,ckpt_armB_seed1,e568ba14666e938c595509fdf68ee85672228d6beaf666aee05f1ef8c4fd83ef,a673a1508d679ece31e54d8a2b3384898654eafe918a8f205172d2e02ddcac14,0.37501097223714674,0.031281840657448844,-0.22957493847669083,0.95949723990007,0.957625193914114,1.0034399932892395,True,0.6249890277628533,1543733.4791513644,926283.4500692249,1523583.0707794104,0.3865518527522447,0.23194196966877628,0.381506177578979,14875.50794570801,10498.158987203078,7293.940742629231,4377.34895850493,186.9554516182292,41.12249464620783
guard_sweep,1,E_cvp10,0,0.194109479471028,0.39666666666666667,-0.255612521742781,0.2335764688453832,0.48458333333333337,-0.2298622598464135,0.9308898930116206,1.0319321642232613,0.3005041627089183,0.511473790804545,-0.0222222222222222,-0.15485195629298687,-0.019421824812889066,-0.009344249566396123,ckpt_armE_cvp10_seed1,f621cc03c4733b18901d6c5de6d6a43f1689964d2e2922e6d2dd9e735580ffb0,a673a1508d679ece31e54d8a2b3384898654eafe918a8f205172d2e02ddcac14,0.7165892489499799,-0.018448755450064726,-0.4996019123400562,0.951265504313822,0.945907063466386,2.79905511407498,True,0.2834107510500201,744314.3474314827,1881959.866492449,1367325.7860760672,0.18637678972142502,0.47124395695423915,0.34237925332433583,14747.887726463865,10369.696622955727,6768.640254249306,4378.191103508137,182.0439408211317,114.70952893324683
guard_sweep,1,E_cvp100,0,0.19507412636285842,0.39333333333333337,-0.26527985247472924,0.22927566953486112,0.4775,-0.23272705974522978,1.0185749880629522,1.0299691221741025,0.2882257783412933,0.4957594267527263,-0.025555555555555498,-0.16451928702493512,-0.03170020918051403,-0.025058613618214876,ckpt_armE_cvp100_seed1,bd95cb32b60139a99da36ff9b541b1bbd8bec1c3b6eb26146286601329481ce1,a673a1508d679ece31e54d8a2b3384898654eafe918a8f205172d2e02ddcac14,0.7191171400581593,-0.02137382854271692,-0.49673611085955094,1.0289052195675188,1.0186534797431814,2.672419159951926,True,0.28088285994184076,738235.3719882558,1890032.41245795,1365332.2155537945,0.18485461037366177,0.4732653276387094,0.34188006198762877,15951.570398108819,11167.193857444267,7339.610320531063,4784.376540664553,188.83649678808914,109.5197952368925
guard_sweep,1,E_cvp1k,0,0.19815979154633925,0.3833333333333333,-0.2692934703081846,0.23377645298835428,0.46958333333333335,-0.24280296172946692,1.0490075025486827,1.0113440356825736,0.28647154609362285,0.4912885721524556,-0.03555555555555556,-0.1685329048583905,-0.03345444142818449,-0.029529468218485566,ckpt_armE_cvp1k_seed1,f09c20b82dc250c8aac2da7459626d67a42995cbd7023fee6fa69c5d5d6959ff,a673a1508d679ece31e54d8a2b3384898654eafe918a8f205172d2e02ddcac14,0.7144689721463036,-0.02522720541218251,-0.5129654149581556,1.043888703030189,1.0334773126005488,2.641539925678829,True,0.2855310278536965,749808.6756920494,1876206.0216537134,1367585.3026542373,0.18775257303987616,0.4698031905182576,0.3424442364418663,16183.865935849552,11329.703109629128,7384.625761232478,4854.162826220422,189.4595777288107,108.25431732633807
guard_sweep,1,G_tail,0,0.1955119252712703,0.3955555555555555,-0.2501464032878478,0.23282589414258484,0.48541666666666666,-0.222853219602257,1.0434708225838534,1.0095407012910202,0.2909481088320414,0.49928154548009235,-0.023333333333333373,-0.1493858378380537,-0.028977878689765924,-0.0215364948908488,ckpt_armG_tail_seed1,dc7bf5cf0d5957c6bb6ed7dc96ebf3d41e2b21cdbef2e39389018e185ad0419a,a673a1508d679ece31e54d8a2b3384898654eafe918a8f205172d2e02ddcac14,0.7146653200072219,-0.015593979202262126,-0.47795661790044597,1.04305120001127,1.0324170716633698,2.583788339746996,True,0.285334679992778,745651.1960421646,1867600.007986163,1380348.7959716737,0.1867115374704939,0.46764823917922743,0.3456402233502788,16170.881757996383,11318.080004896732,7433.057147951923,4852.801753099651,189.73768718281548,105.8875696392073
guard_sweep,2,A,0,0.44456918453047795,0.4444444444444444,-0.09022118772069614,0.5001732209757385,0.5662499999999999,-0.09214922529645264,1.0,0.650617988651297,0.31241462151209515,0.4925253816445669,0.01888888888888879,1.9616136948258367e-05,-0.0035895550251007213,-0.026553470691045022,Qwen3-0.6B-Base,babeeddbc725dd6b3d817a0b53489570834f6123286e97ea57935c8b72cb5cdb,a673a1508d679ece31e54d8a2b3384898654eafe918a8f205172d2e02ddcac14,0.39092226392623697,0.040464773070830344,-0.19499514186792696,1.0,1.0,1.0,True,0.609077736073763,1464256.6155364735,939798.7764326446,1589544.6080308822,0.3666507951563685,0.23532621605384726,0.39802298878978415,15503.440059147299,10962.701330249902,7493.574007113291,4540.738728897399,190.97729061969892,40.981518497593264
guard_sweep,2,B,1,0.46593763853459946,0.42555555555555563,-0.0902408038576444,0.519265590351778,0.5575,-0.0847578666289337,0.9619502222100111,1.0,0.31600417653719587,0.5190788523356119,0.0,0.0,0.0,0.0,ckpt_armB_seed2,689a3233b7a0de7919821c75a28a624d13a0d0e0055ba2a8d5c9de31ca2f0366,a673a1508d679ece31e54d8a2b3384898654eafe918a8f205172d2e02ddcac14,0.3807563426900473,0.03563078389529097,-0.2136608536592445,0.9706662731235556,0.9693501062101478,1.0012596434448073,True,0.6192436573099527,1528046.8684664627,939555.1011757113,1525998.030357825,0.38262391538122575,0.23526519961330916,0.3821108850054651,15048.666382806945,10626.69569882787,7384.082723115295,4421.970683979075,188.00949246740035,41.03314059872701
guard_sweep,2,E_cvp10,0,0.17594091251777905,0.4222222222222223,-0.23639478596548238,0.21930740669739276,0.50375,-0.20902828670477902,0.9520892258823661,1.080646344974363,0.2987572234869003,0.5253385285536448,-0.003333333333333355,-0.14615398210783798,-0.017246953050295555,0.006259676218032917,ckpt_armE_cvp10_seed2,272968042ec5c975ac37a67fbea53d0d7f81ec7f1019443c8a9763b8bc0c77f9,a673a1508d679ece31e54d8a2b3384898654eafe918a8f205172d2e02ddcac14,0.7304981978266079,-0.005668773658944572,-0.4588270786890036,0.9759558586035982,0.9704714920953117,2.8615158324261722,True,0.2695018021733922,699891.2709809393,1897090.512950297,1396618.2160687638,0.1752532229018778,0.4750326805264165,0.34971409657170566,15130.673154234522,10638.98911736288,6858.960470161506,4491.684036871642,183.6837730151427,117.26926401772917
guard_sweep,2,E_cvp100,0,0.17545322577832037,0.40444444444444444,-0.25203090781966847,0.21756307526944252,0.49624999999999997,-0.22092388436431065,0.9910067985408016,1.060909536032985,0.2967833765347799,0.515210790236791,-0.02111111111111119,-0.1617901039620241,-0.019220800002415994,-0.003868062098820957,ckpt_armE_cvp100_seed2,40b79e81056ab8b2ffd91d1db87bd8260288e8914f62f3d4ca31584dc9971ccd,a673a1508d679ece31e54d8a2b3384898654eafe918a8f205172d2e02ddcac14,0.7312560125134209,-0.011842216013573837,-0.4821671414870458,1.0103413215220287,1.006658773823202,2.843777484749717,True,0.2687439874865791,701402.5525251717,1908525.8000494116,1383671.6474254169,0.17563164876932383,0.47789608374634707,0.34647226748432913,15663.766117496441,11035.699478899352,7176.109534248161,4628.066638597087,187.3114188863071,116.54231959430977
guard_sweep,2,E_cvp1k,0,0.171254038905702,0.39888888888888885,-0.2539585841198762,0.21216275446505672,0.49291666666666667,-0.22397231543436646,1.0069938389042743,1.0604540222783867,0.2975678034623464,0.5189812596638997,-0.026666666666666783,-0.16371778026223183,-0.018436373074849466,-9.759267171216557e-05,ckpt_armE_cvp1k_seed2,81eac2d879dab4f3e15ecb7f43e06d815583790c8c599c6bf4d421128ddef71b,a673a1508d679ece31e54d8a2b3384898654eafe918a8f205172d2e02ddcac14,0.7394737808702475,-0.012865328190867597,-0.4805260128304834,1.0079805943827818,1.0009246897621245,2.8615845475804385,True,0.2605262191297525,682811.6430172219,1938082.504596974,1372705.8523858036,0.17097647311128356,0.4852971015116622,0.3437264253770542,15627.166725797122,10972.838427935212,7291.047129806971,4654.328297861912,187.1734370473939,117.27208006909478
guard_sweep,2,G_tail,0,0.16942379665850607,0.4155555555555555,-0.24638415252168974,0.2132899886483202,0.51125,-0.2135662376822438,1.0331065689628545,1.0652516724570245,0.2953429090976715,0.5184693670272827,-0.01000000000000012,-0.15614334866404533,-0.020661267439524345,-0.0006094853083291607,ckpt_armG_tail_seed2,3e5a3e9eca320d422d362c2b3b62ce05fc267eb05738f19bbda1c01931e45cf1,a673a1508d679ece31e54d8a2b3384898654eafe918a8f205172d2e02ddcac14,0.7354937337021783,-0.008662679572813527,-0.4705778067076308,1.0304426047360673,1.0271959005243871,2.7623512752979376,True,0.2645062662978217,689463.339104536,1917141.5960247982,1386995.064870665,0.17264206207545477,0.48005348458153013,0.3473044533430152,15975.405156917232,11260.841865105946,7299.296668511244,4714.563291811286,188.69557434020237,113.20534988547277
