target,held_out_model,candidate,rho,n_models
alpha,EuroLLM-1.7B,q_T,0.039725,13
alpha,EuroLLM-1.7B,q_L,0.140835,13
alpha,EuroLLM-1.7B,q_K,-0.011734,13
alpha,EuroLLM-1.7B,rmfs_tau_0.025,0.093772,13
alpha,EuroLLM-1.7B,rmfs_tau_0.05,0.087846,13
alpha,EuroLLM-1.7B,rmfs_tau_0.1,0.088876,13
alpha,EuroLLM-1.7B,rmfs_tau_0.2,0.084627,13
alpha,EuroLLM-1.7B,rmfs_tau_0.5,0.078830,13
alpha,EuroLLM-1.7B,rmfs_tau_1,0.078221,13
alpha,EuroLLM-1.7B,rmfs_no_T,0.100112,13
alpha,EuroLLM-1.7B,rmfs_no_L,0.037269,13
alpha,EuroLLM-1.7B,rmfs_no_K,0.115391,13
alpha,EuroLLM-1.7B,component_mean,0.077348,13
alpha,Falcon3-7B-Base,q_T,0.000511,13
alpha,Falcon3-7B-Base,q_L,0.160106,13
alpha,Falcon3-7B-Base,q_K,-0.031364,13
alpha,Falcon3-7B-Base,rmfs_tau_0.025,0.067988,13
alpha,Falcon3-7B-Base,rmfs_tau_0.05,0.066605,13
alpha,Falcon3-7B-Base,rmfs_tau_0.1,0.063631,13
alpha,Falcon3-7B-Base,rmfs_tau_0.2,0.053475,13
alpha,Falcon3-7B-Base,rmfs_tau_0.5,0.043747,13
alpha,Falcon3-7B-Base,rmfs_tau_1,0.042607,13
alpha,Falcon3-7B-Base,rmfs_no_T,0.119812,13
alpha,Falcon3-7B-Base,rmfs_no_L,-0.012648,13
alpha,Falcon3-7B-Base,rmfs_no_K,0.085897,13
alpha,Falcon3-7B-Base,component_mean,0.040056,13
alpha,Mistral-7B-v0.3,q_T,0.010434,13
alpha,Mistral-7B-v0.3,q_L,0.156112,13
alpha,Mistral-7B-v0.3,q_K,-0.042147,13
alpha,Mistral-7B-v0.3,rmfs_tau_0.025,0.041289,13
alpha,Mistral-7B-v0.3,rmfs_tau_0.05,0.043407,13
alpha,Mistral-7B-v0.3,rmfs_tau_0.1,0.045199,13
alpha,Mistral-7B-v0.3,rmfs_tau_0.2,0.039465,13
alpha,Mistral-7B-v0.3,rmfs_tau_0.5,0.032742,13
alpha,Mistral-7B-v0.3,rmfs_tau_1,0.032628,13
alpha,Mistral-7B-v0.3,rmfs_no_T,0.088478,13
alpha,Mistral-7B-v0.3,rmfs_no_L,-0.014480,13
alpha,Mistral-7B-v0.3,rmfs_no_K,0.083808,13
alpha,Mistral-7B-v0.3,component_mean,0.031285,13
alpha,OLMo-2-0425-1B,q_T,-0.003484,13
alpha,OLMo-2-0425-1B,q_L,0.158359,13
alpha,OLMo-2-0425-1B,q_K,-0.073961,13
alpha,OLMo-2-0425-1B,rmfs_tau_0.025,0.017240,13
alpha,OLMo-2-0425-1B,rmfs_tau_0.05,0.015641,13
alpha,OLMo-2-0425-1B,rmfs_tau_0.1,0.016411,13
alpha,OLMo-2-0425-1B,rmfs_tau_0.2,0.008106,13
alpha,OLMo-2-0425-1B,rmfs_tau_0.5,-0.000240,13
alpha,OLMo-2-0425-1B,rmfs_tau_1,-0.001497,13
alpha,OLMo-2-0425-1B,rmfs_no_T,0.068431,13
alpha,OLMo-2-0425-1B,rmfs_no_L,-0.056365,13
alpha,OLMo-2-0425-1B,rmfs_no_K,0.066515,13
alpha,OLMo-2-0425-1B,component_mean,-0.002816,13
alpha,OLMo-2-1124-7B,q_T,0.002444,13
alpha,OLMo-2-1124-7B,q_L,0.167379,13
alpha,OLMo-2-1124-7B,q_K,-0.006921,13
alpha,OLMo-2-1124-7B,rmfs_tau_0.025,0.090486,13
alpha,OLMo-2-1124-7B,rmfs_tau_0.05,0.090424,13
alpha,OLMo-2-1124-7B,rmfs_tau_0.1,0.091671,13
alpha,OLMo-2-1124-7B,rmfs_tau_0.2,0.082064,13
alpha,OLMo-2-1124-7B,rmfs_tau_0.5,0.071367,13
alpha,OLMo-2-1124-7B,rmfs_tau_1,0.068697,13
alpha,OLMo-2-1124-7B,rmfs_no_T,0.147437,13
alpha,OLMo-2-1124-7B,rmfs_no_L,0.009795,13
alpha,OLMo-2-1124-7B,rmfs_no_K,0.101404,13
alpha,OLMo-2-1124-7B,component_mean,0.066901,13
alpha,Qwen3-0.6B-Base,q_T,0.012421,13
alpha,Qwen3-0.6B-Base,q_L,0.144909,13
alpha,Qwen3-0.6B-Base,q_K,-0.063347,13
alpha,Qwen3-0.6B-Base,rmfs_tau_0.025,0.059096,13
alpha,Qwen3-0.6B-Base,rmfs_tau_0.05,0.049495,13
alpha,Qwen3-0.6B-Base,rmfs_tau_0.1,0.035235,13
alpha,Qwen3-0.6B-Base,rmfs_tau_0.2,0.020574,13
alpha,Qwen3-0.6B-Base,rmfs_tau_0.5,0.009198,13
alpha,Qwen3-0.6B-Base,rmfs_tau_1,0.008563,13
alpha,Qwen3-0.6B-Base,rmfs_no_T,0.055773,13
alpha,Qwen3-0.6B-Base,rmfs_no_L,-0.023051,13
alpha,Qwen3-0.6B-Base,rmfs_no_K,0.093655,13
alpha,Qwen3-0.6B-Base,component_mean,0.007428,13
alpha,Qwen3-1.7B-Base,q_T,-0.027730,13
alpha,Qwen3-1.7B-Base,q_L,0.155860,13
alpha,Qwen3-1.7B-Base,q_K,-0.051722,13
alpha,Qwen3-1.7B-Base,rmfs_tau_0.025,0.004875,13
alpha,Qwen3-1.7B-Base,rmfs_tau_0.05,0.005469,13
alpha,Qwen3-1.7B-Base,rmfs_tau_0.1,0.005238,13
alpha,Qwen3-1.7B-Base,rmfs_tau_0.2,0.000209,13
alpha,Qwen3-1.7B-Base,rmfs_tau_0.5,-0.003181,13
alpha,Qwen3-1.7B-Base,rmfs_tau_1,-0.002228,13
alpha,Qwen3-1.7B-Base,rmfs_no_T,0.067622,13
alpha,Qwen3-1.7B-Base,rmfs_no_L,-0.056153,13
alpha,Qwen3-1.7B-Base,rmfs_no_K,0.045372,13
alpha,Qwen3-1.7B-Base,component_mean,-0.001423,13
alpha,Qwen3-4B-Base,q_T,-0.007532,13
alpha,Qwen3-4B-Base,q_L,0.154702,13
alpha,Qwen3-4B-Base,q_K,-0.036782,13
alpha,Qwen3-4B-Base,rmfs_tau_0.025,0.035200,13
alpha,Qwen3-4B-Base,rmfs_tau_0.05,0.033124,13
alpha,Qwen3-4B-Base,rmfs_tau_0.1,0.030299,13
alpha,Qwen3-4B-Base,rmfs_tau_0.2,0.022642,13
alpha,Qwen3-4B-Base,rmfs_tau_0.5,0.017411,13
alpha,Qwen3-4B-Base,rmfs_tau_1,0.016629,13
alpha,Qwen3-4B-Base,rmfs_no_T,0.072475,13
alpha,Qwen3-4B-Base,rmfs_no_L,-0.030574,13
alpha,Qwen3-4B-Base,rmfs_no_K,0.070926,13
alpha,Qwen3-4B-Base,component_mean,0.016999,13
alpha,Qwen3-8B-Base,q_T,-0.014390,13
alpha,Qwen3-8B-Base,q_L,0.160760,13
alpha,Qwen3-8B-Base,q_K,-0.038991,13
alpha,Qwen3-8B-Base,rmfs_tau_0.025,0.029815,13
alpha,Qwen3-8B-Base,rmfs_tau_0.05,0.027847,13
alpha,Qwen3-8B-Base,rmfs_tau_0.1,0.026752,13
alpha,Qwen3-8B-Base,rmfs_tau_0.2,0.022126,13
alpha,Qwen3-8B-Base,rmfs_tau_0.5,0.018778,13
alpha,Qwen3-8B-Base,rmfs_tau_1,0.018650,13
alpha,Qwen3-8B-Base,rmfs_no_T,0.076261,13
alpha,Qwen3-8B-Base,rmfs_no_L,-0.038074,13
alpha,Qwen3-8B-Base,rmfs_no_K,0.066322,13
alpha,Qwen3-8B-Base,component_mean,0.017325,13
alpha,SmolLM2-1.7B,q_T,-0.008761,13
alpha,SmolLM2-1.7B,q_L,0.183434,13
alpha,SmolLM2-1.7B,q_K,-0.026905,13
alpha,SmolLM2-1.7B,rmfs_tau_0.025,0.039182,13
alpha,SmolLM2-1.7B,rmfs_tau_0.05,0.037049,13
alpha,SmolLM2-1.7B,rmfs_tau_0.1,0.034358,13
alpha,SmolLM2-1.7B,rmfs_tau_0.2,0.028725,13
alpha,SmolLM2-1.7B,rmfs_tau_0.5,0.027237,13
alpha,SmolLM2-1.7B,rmfs_tau_1,0.027995,13
alpha,SmolLM2-1.7B,rmfs_no_T,0.090251,13
alpha,SmolLM2-1.7B,rmfs_no_L,-0.029866,13
alpha,SmolLM2-1.7B,rmfs_no_K,0.067339,13
alpha,SmolLM2-1.7B,component_mean,0.026127,13
alpha,bloom-1b7,q_T,-0.065133,13
alpha,bloom-1b7,q_L,0.131854,13
alpha,bloom-1b7,q_K,-0.035083,13
alpha,bloom-1b7,rmfs_tau_0.025,0.008724,13
alpha,bloom-1b7,rmfs_tau_0.05,0.008812,13
alpha,bloom-1b7,rmfs_tau_0.1,0.007483,13
alpha,bloom-1b7,rmfs_tau_0.2,-0.001377,13
alpha,bloom-1b7,rmfs_tau_0.5,-0.011178,13
alpha,bloom-1b7,rmfs_tau_1,-0.012967,13
alpha,bloom-1b7,rmfs_no_T,0.077240,13
alpha,bloom-1b7,rmfs_no_L,-0.054325,13
alpha,bloom-1b7,rmfs_no_K,0.015829,13
alpha,bloom-1b7,component_mean,-0.014349,13
alpha,bloom-7b1,q_T,-0.054913,13
alpha,bloom-7b1,q_L,0.121937,13
alpha,bloom-7b1,q_K,-0.035639,13
alpha,bloom-7b1,rmfs_tau_0.025,0.010643,13
alpha,bloom-7b1,rmfs_tau_0.05,0.009646,13
alpha,bloom-7b1,rmfs_tau_0.1,0.006456,13
alpha,bloom-7b1,rmfs_tau_0.2,-0.003263,13
alpha,bloom-7b1,rmfs_tau_0.5,-0.008721,13
alpha,bloom-7b1,rmfs_tau_1,-0.009191,13
alpha,bloom-7b1,rmfs_no_T,0.070317,13
alpha,bloom-7b1,rmfs_no_L,-0.052448,13
alpha,bloom-7b1,rmfs_no_K,0.013388,13
alpha,bloom-7b1,component_mean,-0.010751,13
alpha,salamandra-2b,q_T,-0.028644,13
alpha,salamandra-2b,q_L,0.207936,13
alpha,salamandra-2b,q_K,-0.042110,13
alpha,salamandra-2b,rmfs_tau_0.025,0.040127,13
alpha,salamandra-2b,rmfs_tau_0.05,0.040209,13
alpha,salamandra-2b,rmfs_tau_0.1,0.041681,13
alpha,salamandra-2b,rmfs_tau_0.2,0.034754,13
alpha,salamandra-2b,rmfs_tau_0.5,0.026036,13
alpha,salamandra-2b,rmfs_tau_1,0.024091,13
alpha,salamandra-2b,rmfs_no_T,0.107599,13
alpha,salamandra-2b,rmfs_no_L,-0.034924,13
alpha,salamandra-2b,rmfs_no_K,0.081769,13
alpha,salamandra-2b,component_mean,0.022897,13
alpha,salamandra-7b,q_T,-0.024364,13
alpha,salamandra-7b,q_L,0.158904,13
alpha,salamandra-7b,q_K,-0.048783,13
alpha,salamandra-7b,rmfs_tau_0.025,0.012572,13
alpha,salamandra-7b,rmfs_tau_0.05,0.014312,13
alpha,salamandra-7b,rmfs_tau_0.1,0.015909,13
alpha,salamandra-7b,rmfs_tau_0.2,0.010988,13
alpha,salamandra-7b,rmfs_tau_0.5,0.004699,13
alpha,salamandra-7b,rmfs_tau_1,0.002694,13
alpha,salamandra-7b,rmfs_no_T,0.072805,13
alpha,salamandra-7b,rmfs_no_L,-0.049904,13
alpha,salamandra-7b,rmfs_no_K,0.056402,13
alpha,salamandra-7b,component_mean,0.001604,13
r_content,OLMo-2-0425-1B,q_T,0.129349,3
r_content,OLMo-2-0425-1B,q_L,0.560923,3
r_content,OLMo-2-0425-1B,q_K,0.053675,3
r_content,OLMo-2-0425-1B,rmfs_tau_0.025,0.171917,3
r_content,OLMo-2-0425-1B,rmfs_tau_0.05,0.186451,3
r_content,OLMo-2-0425-1B,rmfs_tau_0.1,0.236772,3
r_content,OLMo-2-0425-1B,rmfs_tau_0.2,0.312271,3
r_content,OLMo-2-0425-1B,rmfs_tau_0.5,0.369445,3
r_content,OLMo-2-0425-1B,rmfs_tau_1,0.371425,3
r_content,OLMo-2-0425-1B,rmfs_no_T,0.362088,3
r_content,OLMo-2-0425-1B,rmfs_no_L,0.203588,3
r_content,OLMo-2-0425-1B,rmfs_no_K,0.168065,3
r_content,OLMo-2-0425-1B,component_mean,0.352595,3
r_content,Qwen3-0.6B-Base,q_T,-0.422056,3
r_content,Qwen3-0.6B-Base,q_L,0.891848,3
r_content,Qwen3-0.6B-Base,q_K,0.557341,3
r_content,Qwen3-0.6B-Base,rmfs_tau_0.025,0.500570,3
r_content,Qwen3-0.6B-Base,rmfs_tau_0.05,0.522043,3
r_content,Qwen3-0.6B-Base,rmfs_tau_0.1,0.561354,3
r_content,Qwen3-0.6B-Base,rmfs_tau_0.2,0.619628,3
r_content,Qwen3-0.6B-Base,rmfs_tau_0.5,0.632461,3
r_content,Qwen3-0.6B-Base,rmfs_tau_1,0.634061,3
r_content,Qwen3-0.6B-Base,rmfs_no_T,0.750556,3
r_content,Qwen3-0.6B-Base,rmfs_no_L,0.478581,3
r_content,Qwen3-0.6B-Base,rmfs_no_K,0.158437,3
r_content,Qwen3-0.6B-Base,component_mean,0.631199,3
r_content,Qwen3-1.7B-Base,q_T,-0.417982,3
r_content,Qwen3-1.7B-Base,q_L,0.884666,3
r_content,Qwen3-1.7B-Base,q_K,0.610063,3
r_content,Qwen3-1.7B-Base,rmfs_tau_0.025,0.533201,3
r_content,Qwen3-1.7B-Base,rmfs_tau_0.05,0.566087,3
r_content,Qwen3-1.7B-Base,rmfs_tau_0.1,0.634187,3
r_content,Qwen3-1.7B-Base,rmfs_tau_0.2,0.691464,3
r_content,Qwen3-1.7B-Base,rmfs_tau_0.5,0.697114,3
r_content,Qwen3-1.7B-Base,rmfs_tau_1,0.691637,3
r_content,Qwen3-1.7B-Base,rmfs_no_T,0.800903,3
r_content,Qwen3-1.7B-Base,rmfs_no_L,0.514879,3
r_content,Qwen3-1.7B-Base,rmfs_no_K,0.084825,3
r_content,Qwen3-1.7B-Base,component_mean,0.683820,3
r_content,Qwen3-4B-Base,q_T,-0.293444,3
r_content,Qwen3-4B-Base,q_L,0.813647,3
r_content,Qwen3-4B-Base,q_K,0.601111,3
r_content,Qwen3-4B-Base,rmfs_tau_0.025,0.540469,3
r_content,Qwen3-4B-Base,rmfs_tau_0.05,0.560409,3
r_content,Qwen3-4B-Base,rmfs_tau_0.1,0.610866,3
r_content,Qwen3-4B-Base,rmfs_tau_0.2,0.631210,3
r_content,Qwen3-4B-Base,rmfs_tau_0.5,0.605809,3
r_content,Qwen3-4B-Base,rmfs_tau_1,0.585970,3
r_content,Qwen3-4B-Base,rmfs_no_T,0.755344,3
r_content,Qwen3-4B-Base,rmfs_no_L,0.518246,3
r_content,Qwen3-4B-Base,rmfs_no_K,0.166954,3
r_content,Qwen3-4B-Base,component_mean,0.566420,3
